,name,Incremento HP,Total HP,Incremento Magic Power,Total Magic Power,Incremento Attack Damage,Incremento Attack Speed,Incremento Attack Resistance,Total Attack Damage,Incremento Magic Resistance,Total Attack Speed,Total Attack Resistance,Total Magic Resistance,ms,rng,ID,Dificultad,AD,Defensa,AP,Pasiva,Posicion,Play Rate,TOP Play Rate,Jungle Play Rate,MID Play Rate,ADC Play Rate,Support Play Rate,Lore
0,Aatrox,1530.0,2110.0,0.0,0.0,85.0,42.5,55.25,145.0,21.25,43.151,93.25,53.35,345.0,175.0,266,4,8,4,3,Deathbringer Stance,TOP,6.776554184306237,6.409201647077534,0.0182453904655096,0.3491071467631931,0.0,0.0,"Once honored defenders of Shurima against the Void, Aatrox and his brethren would eventually become an even greater threat to Runeterra, and were defeated only by cunning mortal sorcery. But after centuries of imprisonment, Aatrox was the first to find freedom once more, corrupting and transforming those foolish enough to try and wield the magical weapon that contained his essence. Now, with stolen flesh, he walks Runeterra in a brutal approximation of his previous form, seeking an apocalyptic and long overdue vengeance."
1,Ahri,1564.0,2090.0,425.0,843.0,51.0,34.0,59.5,104.04,8.5,34.668,80.38,38.5,330.0,550.0,103,5,3,4,8,Essence Theft,MID,4.652497366770692,0.0166241498458663,0.0,4.514048564648771,0.0060989528072296,0.1157256994688249,"Innately connected to the latent power of Runeterra, Ahri is a vastaya who can reshape magic into orbs of raw energy. She revels in toying with her prey by manipulating their emotions before devouring their life essence. Despite her predatory nature, Ahri retains a sense of empathy as she receives flashes of memory from each soul she consumes."
2,Akali,1615.0,2190.0,0.0,200.0,56.1,54.400000000000006,59.5,118.5,21.25,55.025000000000006,82.5,58.25,345.0,125.0,84,7,5,3,8,Assassin's Mark,MID,15.285494039624664,4.308408345734966,0.0,10.976776886152624,0.0,0.0003088077370749,"Abandoning the Kinkou Order and her title of the Fist of Shadow, Akali now strikes alone, ready to be the deadly weapon her people need. Though she holds onto all she learned from her master Shen, she has pledged to defend Ionia from its enemies, one kill at a time. Akali may strike in silence, but her message will be heard loud and clear: fear the assassin with no master."
3,Alistar,1802.0,2375.36,680.0,1030.0,61.54,36.125,59.5,122.6516,21.25,36.75,103.5,53.35,330.0,125.0,12,7,6,9,5,Triumphant Roar,Support,6.734942341735392,0.0031910132831074,0.0,0.0,0.0,6.731751328452285,"Always a mighty warrior with a fearsome reputation, Alistar seeks revenge for the death of his clan at the hands of the Noxian empire. Though he was enslaved and forced into the life of a gladiator, his unbreakable will was what kept him from truly becoming a beast. Now, free of the chains of his former masters, he fights in the name of the downtrodden and the disadvantaged, his rage as much a weapon as his horns, hooves and fists."
4,Amumu,1428.0,2041.12,680.0,967.2,64.6,37.06,64.6,117.98,21.25,37.698,97.6,53.35,335.0,125.0,32,3,2,6,8,Cursed Touch,Jungle,1.945179935834899,0.0029336735022117,1.941345573099552,0.0,0.0,0.0009006892331351,"Legend claims that Amumu is a lonely and melancholy soul from ancient Shurima, roaming the world in search of a friend. Doomed by an ancient curse to remain alone forever, his touch is death, his affection ruin. Those who claim to have seen him describe a living cadaver, small in stature and wrapped in creeping bandages. Amumu has inspired myths, songs, and folklore told and retold for generations—such that it is impossible to separate truth from fiction."
5,Anivia,1394.0,1874.0,425.0,920.0,54.400000000000006,28.56,68.0,105.776,8.5,29.185,89.22,38.5,325.0,600.0,34,10,1,4,10,Rebirth,MID,3.938533878653485,0.1256075470552222,0.0,3.399921717238651,0.0382406914411104,0.3747639229185007,"Anivia is a benevolent winged spirit who endures endless cycles of life, death, and rebirth to protect the Freljord. A demigod born of unforgiving ice and bitter winds, she wields those elemental powers to thwart any who dare disturb her homeland. Anivia guides and protects the tribes of the harsh north, who revere her as a symbol of hope, and a portent of great change. She fights with every ounce of her being, knowing that through her sacrifice, her memory will endure, and she will be reborn into a new tomorrow."
6,Annie,1496.0,2020.0,425.0,843.0,44.625,23.12,68.0,95.035,8.5,23.699,87.22,38.5,335.0,625.0,1,6,2,3,10,Pyromania,MID,2.391510051820512,0.0524973153027358,0.0,2.071842575991794,0.0082091390105748,0.258961021515407,"Dangerous, yet disarmingly precocious, Annie is a child mage with immense pyromantic power. Even in the shadows of the mountains north of Noxus, she is a magical outlier. Her natural affinity for fire manifested early in life through unpredictable, emotional outbursts, though she eventually learned to control these “playful tricks.” Her favorite includes the summoning of her beloved teddy bear, Tibbers, as a fiery protector. Lost in the perpetual innocence of childhood, Annie wanders the dark forests, always looking for someone to play with."
7,Ashe,1445.0,1984.0,544.0,824.0,50.32,56.61,57.8,111.32,8.5,57.268,83.8,38.5,325.0,600.0,22,4,7,3,2,Frost Shot,ADC,6.248364284017681,0.0007205513865081,0.0,0.0049666577712882,5.7386256460193525,0.5040514288405324,"Iceborn warmother of the Avarosan tribe, Ashe commands the most populous horde in the north. Stoic, intelligent, and idealistic, yet uncomfortable with her role as leader, she taps into the ancestral magics of her lineage to wield a bow of True Ice. With her people's belief that she is the mythological hero Avarosa reincarnated, Ashe hopes to unify the Freljord once more by retaking their ancient, tribal lands."
8,Aurelion Sol,1564.0,2139.0,850.0,1200.0,54.400000000000006,23.12,61.2,111.4,8.5,23.745,80.2,38.5,325.0,550.0,136,7,2,3,8,Center of the Universe,MID,0.847239760643123,0.0171130954295682,0.0,0.8301266652135547,0.0,0.0,"Aurelion Sol once graced the vast emptiness of the cosmos with celestial wonders of his own devising. Now, he is forced to wield his awesome power at the behest of a space-faring empire that tricked him into servitude. Desiring a return to his star-forging ways, Aurelion Sol will drag the very stars from the sky, if he must, in order to regain his freedom."
9,Azir,1564.0,2116.0,357.0,795.0,47.6,51.0,51.0,99.6,8.5,51.625,70.03999999999999,38.5,335.0,525.0,268,9,6,3,8,Shurima's Legacy,MID,1.1931301601451192,0.0112200144470553,0.0,1.1781787188750752,0.0037314268229885,0.0,"Azir was a mortal emperor of Shurima in a far distant age, a proud man who stood at the cusp of immortality. His hubris saw him betrayed and murdered at the moment of his greatest triumph, but now, millennia later, he has been reborn as an Ascended being of immense power. With his buried city risen from the sand, Azir seeks to restore Shurima to its former glory."
10,Bard,1513.0,2088.0,850.0,1200.0,51.0,34.0,68.0,103.0,8.5,34.625,102.0,38.5,330.0,500.0,432,9,4,4,5,Traveler's Call,Support,4.052535401590308,0.00120949697021,0.0,0.0,0.0,4.051325904620098,"A traveler from beyond the stars, Bard is an agent of serendipity who fights to maintain a balance where life can endure the indifference of chaos. Many Runeterrans sing songs that ponder his extraordinary nature, yet they all agree that the cosmic vagabond is drawn to artifacts of great magical power. Surrounded by a jubilant choir of helpful spirit meeps, it is impossible to mistake his actions as malevolent, as Bard always serves the greater good... in his own odd way."
11,Blitzcrank,1615.0,2197.6,680.0,947.2,59.5,19.21,59.5,121.04,21.25,19.835,99.5,53.35,325.0,125.0,53,4,4,8,5,Mana Barrier,Support,5.66461472503373,0.0003860096713436,0.0,0.0,0.0,5.664228715362387,"Blitzcrank is an enormous, near-indestructible automaton from Zaun, originally built to dispose of hazardous waste. However, he found this primary purpose too restricting, and modified his own form to better serve the fragile people of the Sump. Blitzcrank selflessly uses his strength and durability to protect others, extending a helpful metal fist or burst of energy to subdue any troublemakers."
12,Brand,1496.0,2015.68,357.0,826.0,51.0,23.12,59.5,108.04,8.5,23.745,81.38,38.5,340.0,550.0,63,4,2,2,9,Blaze,Support,4.317440972044407,0.0031910132831074,0.0042718403628696,0.5467698324692292,0.0983809982364504,3.6648272876927503,"Once a tribesman of the icy Freljord named Kegan Rodhe, the creature known as Brand is a lesson in the temptation of greater power. Seeking one of the legendary World Runes, Kegan betrayed his companions and seized it for himself—and, in an instant, the man was no more. His soul burned away, his body a vessel of living flame, Brand now roams Valoran in search of other Runes, swearing revenge for wrongs he could never possibly have suffered in a dozen mortal lifetimes."
13,Braum,1479.0,2019.0,765.0,1075.6,54.400000000000006,59.5,68.0,109.776,21.25,60.144,115.0,53.35,335.0,125.0,201,3,3,9,4,Concussive Blows,Support,3.1675181611116874,0.0,0.0,0.0,0.0006176154741498,3.166900545637537,"Blessed with massive biceps and an even bigger heart, Braum is a beloved hero of the Freljord. Every mead hall north of Frostheld toasts his legendary strength, said to have felled a forest of oaks in a single night, and punched an entire mountain into rubble. Bearing an enchanted vault door as his shield, Braum roams the frozen north sporting a mustachioed smile as big as his muscles—a true friend to all those in need."
14,Caitlyn,1547.0,2028.0,595.0,908.7,48.96,68.0,59.5,110.96,8.5,68.568,87.5,38.5,325.0,650.0,51,6,8,2,2,Headshot,ADC,9.287650032309008,0.0013896348168371,0.0,0.0027792696336742,9.283481127858495,0.0,"Renowned as its finest peacekeeper, Caitlyn is also Piltover's best shot at ridding the city of its elusive criminal elements. She is often paired with Vi, acting as a cool counterpoint to her partner's more impetuous nature. Even though she carries a one-of-a-kind hextech rifle, Caitlyn's most powerful weapon is her superior intellect, allowing her to lay elaborate traps for any lawbreakers foolish enough to operate in the City of Progress."
15,Camille,1445.0,2020.6,544.0,882.8,59.5,42.5,64.6,127.5,21.25,43.144,99.6,53.35,340.0,125.0,164,4,8,6,3,Adaptive Defenses,TOP,7.829254026016537,7.456008407805322,0.0784371652170287,0.2803974252640241,0.0,0.0144110277301627,"Weaponized to operate outside the boundaries of the law, Camille is the Principal Intelligencer of Clan Ferros—an elegant and elite agent who ensures the Piltover machine and its Zaunite underbelly runs smoothly. Adaptable and precise, she views sloppy technique as an embarrassment that must be put to order. With a mind as sharp as the blades she bears, Camille's pursuit of superiority through hextech body augmentation has left many to wonder if she is now more machine than woman."
16,Cassiopeia,1530.0,2105.0,680.0,1030.0,51.0,25.5,59.5,104.0,8.5,26.147,79.5,38.5,328.0,550.0,69,10,2,3,9,Serpentine Grace,MID,1.985942557128788,0.2784931108853955,0.0,1.537862530633084,0.1688663642238001,0.0007205513865081,"Cassiopeia is a deadly creature bent on manipulating others to her sinister will. Youngest and most beautiful daughter of the noble Du Couteau family of Noxus, she ventured deep into the crypts beneath Shurima in search of ancient power. There, she was bitten by a gruesome tomb guardian, whose venom transformed her into a viper-like predator. Cunning and agile, Cassiopeia now slithers under the veil of night, petrifying her enemies with her baleful gaze."
17,Cho'Gath,1360.0,1934.4,680.0,952.2,71.4,24.48,59.5,140.4,21.25,25.105,97.5,53.35,345.0,125.0,31,5,3,7,7,Carnivore,TOP,3.10233399461079,2.382168617773995,0.1312175542787499,0.4248165103027268,0.1198431359631571,0.0442881762921609,"From the moment Cho'Gath first emerged into the harsh light of Runeterra's sun, the beast was driven by the most pure and insatiable hunger. A perfect expression of the Void's desire to consume all life, Cho'Gath's complex biology quickly converts matter into new bodily growth—increasing its muscle mass and density, or hardening its outer carapace like organic diamond. When growing larger does not suit the Void-spawn's needs, it vomits out the excess material as razor-sharp spines, leaving prey skewered and ready to feast upon later."
18,Corki,1479.0,1997.0,578.0,928.16,42.5,39.1,59.5,97.5,8.5,39.73799999999999,87.5,38.5,325.0,550.0,42,6,8,3,6,Hextech Munitions,MID,2.446838104713101,0.0481225390275078,0.0,2.2578220356451624,0.1408935300404306,0.0,"The yordle pilot Corki loves two things above all others: flying, and his glamorous mustache... though not necessarily in that order. After leaving Bandle City, he settled in Piltover and fell in love with the wondrous machines he found there. He dedicated himself to the development of flying contraptions, leading an aerial defense force of seasoned veterans known as the Screaming Yipsnakes. Calm under fire, Corki patrols the skies around his adopted home, and has never encountered a problem that a good missile barrage couldn't solve."
19,Darius,1700.0,2282.24,637.5,900.5,85.0,17.0,68.0,149.0,21.25,17.625,107.0,53.35,340.0,175.0,122,2,9,5,1,Hemorrhage,TOP,6.047536319006627,5.773057708703205,0.1523708842683817,0.120151943700232,0.0019557823348078,0.0,"There is no greater symbol of Noxian might than Darius, the nation's most feared and battle-hardened commander. Rising from humble origins to become the Hand of Noxus, he cleaves through the empire's enemies—many of them Noxians themselves. Knowing that he never doubts his cause is just, and never hesitates once his axe is raised, those who stand against the leader of the Trifarian Legion can expect no mercy."
20,Diana,1615.0,2209.0,340.0,712.0,51.0,38.25,61.2,104.04,21.25,38.875,92.2,53.35,345.0,150.0,131,4,7,6,8,Moonsilver Blade,Jungle,11.110310498459436,0.1119942726458363,7.746596488392818,3.251436663661796,0.0,0.0002830737589853,"Bearing her crescent moonblade, Diana fights as a warrior of the Lunari—a faith all but quashed in the lands around Mount Targon. Clad in shimmering armor the color of winter snow at night, she is a living embodiment of the silver moon's power. Imbued with the essence of an Aspect from beyond Targon's towering summit, Diana is no longer wholly human, and struggles to understand her power and purpose in this world."
21,Dr. Mundo,1513.0,2095.52,0.0,0.0,59.5,47.6,59.5,120.77,21.25,48.225,95.5,53.35,345.0,125.0,36,5,5,7,6,Goes Where He Pleases,TOP,10.259956926467474,8.529501303812,1.4417203884904268,0.1966590605605426,0.0009006892331351,0.0911754843713691,"Utterly mad, tragically homicidal, and horrifyingly purple, Dr. Mundo is what keeps many of Zaun's citizens indoors on particularly dark nights. Now a self-proclaimed physician, he was once a patient of Zaun's most infamous asylum. After ""curing"" the entire staff, Dr. Mundo established his practice in the empty wards that once treated him and began mimicking the highly unethical procedures he had so often experienced himself. With a full cabinet of medicines and zero medical knowledge, he now makes himself more monstrous with each injection and terrifies the hapless ""patients"" who wander near his office."
22,Draven,1496.0,2070.0,663.0,1023.56,61.37,45.900000000000006,56.1,121.37,8.5,46.57900000000001,85.1,38.5,330.0,550.0,119,8,9,3,1,League of Draven,ADC,7.304924222441419,0.1482019798178703,0.0,0.048714420523568,7.108007822099981,0.0,"In Noxus, warriors known as Reckoners face one another in arenas where blood is spilled and strength tested—but none has ever been as celebrated as Draven. A former soldier, he found that the crowds uniquely appreciated his flair for the dramatic, and his unparalleled skill with his spinning axes. Addicted to the spectacle of his own brash perfection, Draven has sworn to defeat whomever he must to ensure that his name is chanted throughout the empire forever more."
23,Ekko,1445.0,2030.0,850.0,1130.0,51.0,56.1,51.0,109.0,21.25,56.725,83.0,53.25,340.0,125.0,245,8,5,3,7,Z-Drive Resonance,Jungle,9.296039309166211,0.1194313923137239,5.268285728476165,3.908039114617337,0.0,0.0002830737589853,"A prodigy from the rough streets of Zaun, Ekko manipulates time to twist any situation to his advantage. Using his own invention, the Zero Drive, he explores the branching possibilities of reality to craft the perfect moment. Though he revels in this freedom, when there's a threat to his friends he'll do anything to defend them. To outsiders, Ekko seems to achieve the impossible the first time, every time."
24,Elise,1581.0,2115.0,850.0,1174.0,51.0,29.75,56.95,106.0,8.5,30.375,83.95,38.5,330.0,550.0,60,9,6,5,7,Spider Queen,Jungle,4.967506992565196,0.002367525984241,4.952632753229421,0.0034998210201823,0.0,0.0090068923313517,"Elise is a deadly predator who dwells in a shuttered, lightless palace, deep within the oldest city of Noxus. Once mortal, she was the mistress of a powerful house, but the bite of a vile demigod transformed her into something beautiful, yet utterly inhuman—a spider-like creature, drawing unsuspecting prey into her web. To maintain her eternal youth, Elise now prefers to feed upon the naive and the faithless, and there are few who can resist her seductions."
25,Evelynn,1428.0,2000.0,714.0,1029.6,51.0,35.7,59.5,112.0,21.25,36.367,96.5,53.35,335.0,125.0,28,10,4,2,7,Demon Shade,Jungle,4.471999244450402,0.0022645900718827,4.467830339999892,0.0019043143786286,0.0,0.0,"Within the dark seams of Runeterra, the demon Evelynn searches for her next victim. She lures in prey with the voluptuous façade of a human female, but once a person succumbs to her charms, Evelynn's true form is unleashed. She then subjects her victim to unspeakable torment, gratifying herself with their pain. To the demon, these liaisons are innocent flings. To the rest of Runeterra, they are ghoulish tales of lust gone awry and horrific reminders of the cost of wanton desire."
26,Ezreal,1462.0,1953.0,714.0,1074.6,42.5,25.5,59.5,102.5,8.5,26.125,81.5,38.5,325.0,550.0,81,7,7,2,6,Rising Spell Force,ADC,37.15968422350166,0.0914070901741753,0.0,0.8131165056963447,36.24376047533745,0.0114001522936823,"A dashing adventurer, unknowingly gifted in the magical arts, Ezreal raids long-lost catacombs, tangles with ancient curses, and overcomes seemingly impossible odds with ease. His courage and bravado knowing no bounds, he prefers to improvise his way out of any situation, relying partially on his wits, but mostly on his mystical Shuriman gauntlet, which he uses to unleash devastating arcane blasts. One thing is for sure—whenever Ezreal is around, trouble isn't too far behind. Or ahead. Probably everywhere."
27,Fiddlesticks,1360.0,1884.4,476.0,976.0,44.625,35.87,59.5,92.985,8.5,36.495,89.5,38.5,335.0,480.0,9,9,2,3,9,A Harmless Scarecrow,Jungle,5.656534255913604,0.0034998210201823,5.368159297441811,0.0137676782779233,0.0,0.2711074591736871,"Something has awoken in Runeterra. Something ancient. Something terrible. The ageless horror known as Fiddlesticks stalks the edges of mortal society, drawn to areas thick with paranoia where it feeds upon terrorized victims. Wielding a jagged scythe, the haggard, makeshift creature reaps fear itself, shattering the minds of those unlucky enough to survive in its wake. Beware the sounding of the crow, or the whispering of the shape that appears <i>almost</i> human… Fiddlesticks has returned."
28,Fiora,1445.0,1995.0,680.0,980.0,56.1,54.400000000000006,59.5,124.1,21.25,55.09,92.5,53.35,345.0,150.0,114,3,10,4,2,Duelist's Dance,TOP,5.838138939291744,5.699947476950719,0.0,0.1381914623410251,0.0,0.0,"The most feared duelist in all Valoran, Fiora is as renowned for her brusque manner and cunning mind as she is for the speed of her bluesteel rapier. Born to House Laurent in the kingdom of Demacia, Fiora took control of the family from her father in the wake of a scandal that nearly destroyed them. House Laurent's reputation was sundered, but Fiora bends her every effort to restore her family's honor and return them to their rightful place among the great and good of Demacia."
29,Fizz,1666.0,2236.0,629.0,946.2,51.0,52.7,57.8,109.04,21.25,53.358,80.21199999999999,53.35,335.0,175.0,105,6,6,4,7,Nimble Fighter,MID,3.383889448888845,0.0817053804344049,0.0,3.301128975352768,0.0,0.0010550931016726,"Fizz is an amphibious yordle, who dwells among the reefs surrounding Bilgewater. He often retrieves and returns the tithes cast into the sea by superstitious captains, but even the saltiest of sailors know better than to cross him—for many are the tales of those who have underestimated this slippery character. Often mistaken for some manner of capricious ocean spirit, he seems able to command the beasts of the deep, and delights in confounding his allies and enemies alike."
30,Galio,1904.0,2466.0,680.0,1180.0,59.5,25.5,59.5,118.5,21.25,26.125,83.5,53.25,335.0,150.0,3,5,1,10,6,Colossal Smash,MID,5.102069963995591,0.1023697648403348,0.0,3.0958232981541274,0.0050181257274673,1.8988587752736608,"Outside the gleaming city of Demacia, the stone colossus Galio keeps vigilant watch. Built as a bulwark against enemy mages, he often stands motionless for decades until the presence of powerful magic stirs him to life. Once activated, Galio makes the most of his time, savoring the thrill of a fight and the rare honor of defending his countrymen. But his triumphs are always bittersweet, for the magic he destroys is also his source of reanimation, and each victory leaves him dormant once again."
31,Gangplank,1394.0,1934.0,680.0,962.0,51.0,54.400000000000006,51.0,115.0,21.25,55.05800000000001,86.0,53.35,345.0,125.0,41,9,7,6,4,Trial by Fire,TOP,3.492203762667873,3.0755963913757207,0.0,0.416607371292152,0.0,0.0,"As unpredictable as he is brutal, the dethroned reaver king Gangplank is feared far and wide. Once, he ruled the port city of Bilgewater, and while his reign is over, there are those who believe this has only made him more dangerous. Gangplank would see Bilgewater bathed in blood once more before letting someone else take it—and now with pistol, cutlass, and barrels of gunpowder, he is determined to reclaim what he has lost."
32,Garen,1428.0,2048.0,0.0,0.0,76.5,62.05,51.0,142.5,21.25,62.675,87.0,53.35,340.0,175.0,86,5,7,7,1,Perseverance,TOP,5.044631724899657,4.464356252957799,0.1039138035257094,0.4740456103880863,0.0023160580280618,0.0,"A proud and noble warrior, Garen fights as one of the Dauntless Vanguard. He is popular among his fellows, and respected well enough by his enemies—not least as a scion of the prestigious Crownguard family, entrusted with defending Demacia and its ideals. Clad in magic-resistant armor and bearing a mighty broadsword, Garen stands ready to confront mages and sorcerers on the field of battle, in a veritable whirlwind of righteous steel."
33,Gnar,1105.0,1615.0,0.0,100.0,51.0,102.0,42.5,110.0,8.5,102.625,74.5,38.5,325.0,175.0,150,8,6,5,5,Rage Gene,TOP,4.674705789861997,4.629645594227148,0.0,0.0445197820949671,0.0005404135398811,0.0,"Gnar is a primeval yordle whose playful antics can erupt into a toddler's outrage in an instant, transforming him into a massive beast bent on destruction. Frozen in True Ice for millennia, the curious creature broke free and now hops about a changed world he sees as exotic and wondrous. Delighted by danger, Gnar flings whatever he can at his enemies, be it his bonetooth boomerang, or a nearby building."
34,Gragas,1615.0,2215.0,799.0,1199.0,59.5,34.849999999999994,61.2,123.5,21.25,35.474999999999994,96.2,53.35,330.0,125.0,79,5,4,7,6,Happy Hour,Jungle,3.589220860065576,0.5914182844546443,2.01193387499926,0.3534819230384211,0.001518304707285,0.6308684728659648,"Equal parts jolly and imposing, Gragas is a massive, rowdy brewmaster on his own quest for the perfect pint of ale. Hailing from parts unknown, he now searches for rare ingredients among the unblemished wastes of the Freljord, trying each recipe as he goes. Often intoxicated and extremely impulsive, he is legendary for the brawls he starts, which often end in all-night parties and widespread property damage. Any appearance from Gragas must surely foreshadow drinking and destruction—in that order."
35,Graves,1564.0,2119.0,680.0,1005.0,51.0,44.2,57.8,119.0,17.0,44.690000000000005,90.8,47.0,340.0,425.0,104,3,8,5,3,New Destiny,Jungle,5.88036839733674,0.2105811427070034,5.29111176704162,0.3674040051848819,0.0112714824032344,0.0,"Malcolm Graves is a renowned mercenary, gambler, and thief—a wanted man in every city and empire he has visited. Even though he has an explosive temper, he possesses a strict sense of criminal honor, often enforced at the business end of his double-barreled shotgun Destiny. In recent years, he has reconciled a troubled partnership with Twisted Fate, and together they have prospered once more in the turmoil of Bilgewater's criminal underbelly."
36,Hecarim,1530.0,2110.0,680.0,957.2,54.400000000000006,42.5,68.0,120.4,21.25,43.17,104.0,53.35,345.0,175.0,120,6,8,6,4,Warpath,Jungle,7.739854186133349,0.1084687176475644,7.631128128704889,0.0002573397808957,0.0,0.0,"Hecarim is a spectral fusion of man and beast, cursed to ride down the souls of the living for all eternity. When the Blessed Isles fell into shadow, this proud knight was obliterated by the destructive energies of the Ruination, along with all his cavalry and their mounts. Now, whenever the Black Mist reaches out across Runeterra, he leads their devastating charge, reveling in the slaughter and crushing the foe beneath his armored hooves."
37,Heimerdinger,1479.0,1967.0,340.0,725.0,45.900000000000006,23.12,51.0,101.436,8.5,23.745,70.03999999999999,38.5,340.0,550.0,74,8,2,6,8,Hextech Affinity,TOP,1.7360141619228222,0.7055227433038259,0.0,0.6032301803977599,0.2741955365444362,0.1530657016768002,"A brilliant yet eccentric yordle scientist, Professor Cecil B. Heimerdinger is one of the most innovative and esteemed inventors Piltover has ever known. Relentless in his work to the point of neurotic obsession, he thrives on answering the universe's most impenetrable questions. Though his theories often appear opaque and esoteric, Heimerdinger has crafted some of Piltover's most miraculous—not to mention lethal—machinery, and constantly tinkers with his inventions to make them even more efficient."
38,Illaoi,1615.0,2200.6,680.0,980.0,85.0,42.5,64.6,153.0,21.25,43.071,99.6,53.35,340.0,125.0,420,4,8,6,3,Prophet of an Elder God,TOP,1.7641928679309085,1.7518662924260011,0.0,0.012326575504907,0.0,0.0,"Illaoi's powerful physique is dwarfed only by her indomitable faith. As the prophet of the Great Kraken, she uses a huge, golden idol to rip her foes' spirits from their bodies and shatter their perception of reality. All who challenge the “Truth Bearer of Nagakabouros” soon discover Illaoi never battles alone—the god of the Serpent Isles fights by her side."
39,Irelia,1615.0,2195.0,510.0,860.0,68.0,42.5,51.0,131.0,21.25,43.156,87.0,53.25,335.0,200.0,39,5,7,4,5,Ionian Fervor,TOP,7.946806837929721,4.8433148143049,0.0,3.088643518267136,0.0148485053576855,0.0,"The Noxian occupation of Ionia produced many heroes, none more unlikely than young Irelia of Navori. Trained in the ancient dances of her province, she adapted her art for war, using the graceful and carefully practised movements to levitate a host of deadly blades. After proving herself as a fighter, she was thrust into the role of resistance leader and figurehead, and to this day remains dedicated to the preservation of her homeland."
40,Ivern,1615.0,2200.0,1020.0,1470.0,51.0,57.8,59.5,101.0,21.25,58.444,86.5,53.35,330.0,475.0,427,7,3,5,7,Friend of the Forest,Jungle,1.5159371813007652,0.0044262442314071,1.47797956361864,0.0077201934268729,0.0003088077370749,0.0255023722867701,"Ivern Bramblefoot, known to many as the Green Father, is a peculiar half man, half tree who roams Runeterra's forests, cultivating life everywhere he goes. He knows the secrets of the natural world, and holds deep friendships with all things that grow, fly, and scuttle. Ivern wanders the wilderness, imparting strange wisdom to any he meets, enriching the forests, and occasionally entrusting loose-lipped butterflies with his secrets."
41,Janna,1190.0,1690.0,1088.0,1438.0,25.5,50.150000000000006,64.6,71.5,8.5,50.775000000000006,92.6,38.5,315.0,550.0,40,7,3,5,7,Tailwind,Support,5.267410773221119,0.0010036251454934,0.0,0.0003860096713436,0.0,5.266021138404282,"Armed with the power of Runeterra's gales, Janna is a mysterious, elemental wind spirit who protects the dispossessed of Zaun. Some believe she was brought into existence by the pleas of Runeterra's sailors who prayed for fair winds as they navigated treacherous waters and braved rough tempests. Her favor and protection has since been called into the depths of Zaun, where Janna has become a beacon of hope to those in need. No one knows where or when she will appear, but more often than not, she's come to help."
42,Jarvan IV,1530.0,2100.0,680.0,980.0,57.8,42.5,61.2,121.8,21.25,43.158,95.2,53.35,340.0,175.0,59,5,6,8,3,Martial Cadence,Jungle,2.934599925422931,0.0397075281922163,2.779063761849532,0.0024704618965993,0.0,0.1133581734845839,"Prince Jarvan, scion of the Lightshield dynasty, is heir apparent to the throne of Demacia. Raised to be a paragon of his nation's greatest virtues, he is forced to balance the heavy expectations placed upon him with his own desire to fight on the front lines. Jarvan inspires his troops with his fearsome courage and selfless determination, raising his family's colors high and revealing his true strength as a future leader of his people."
43,Jax,1445.0,2037.8,544.0,882.8,57.375,57.8,51.0,125.375,21.25,58.438,87.0,53.35,350.0,125.0,24,5,7,5,7,Relentless Assault,TOP,6.390518778984502,5.598941612949132,0.6655321413526243,0.1260450246827451,0.0,0.0,"Unmatched in both his skill with unique armaments and his biting sarcasm, Jax is the last known weapons master of Icathia. After his homeland was laid low by its own hubris in unleashing the Void, Jax and his kind vowed to protect what little remained. As magic now rises in the world, this slumbering threat stirs once more, and Jax roams Valoran, wielding the last light of Icathia and testing all warriors he meets to see if any are strong enough to stand beside him..."
44,Jayce,1530.0,2090.0,629.0,986.2,72.25,51.0,59.5,126.25,8.5,51.658,86.5,38.5,335.0,125.0,126,7,8,4,3,Hextech Capacitor,TOP,4.897664976030086,3.7611753016601246,0.0,1.136206600610976,0.0002830737589853,0.0,"Jayce is a brilliant inventor who has pledged his life to the defense of Piltover and its unyielding pursuit of progress. With his transforming hextech hammer in hand, Jayce uses his strength, courage, and considerable intelligence to protect his hometown. While revered throughout the city as a hero, he hasn't taken well to the attention heroism brings. Still, Jayce's heart is in the right place, and even those who envy his natural skills are grateful for his protection in the City of Progress."
45,Jhin,1547.0,2103.0,850.0,1150.0,79.9,51.0,59.5,138.9,8.5,51.625,83.5,38.5,330.0,550.0,202,6,10,2,6,Whisper,ADC,14.930133536185703,0.0,0.0,0.0268148051693385,14.903318731016366,0.0,"Jhin is a meticulous criminal psychopath who believes murder is art. Once an Ionian prisoner, but freed by shadowy elements within Ionia's ruling council, the serial killer now works as their cabal's assassin. Using his gun as his paintbrush, Jhin creates works of artistic brutality, horrifying victims and onlookers. He gains a cruel pleasure from putting on his gruesome theater, making him the ideal choice to send the most powerful of messages: terror."
46,Jinx,1428.0,2009.0,765.0,1010.0,57.8,17.0,59.5,114.8,8.5,17.625,87.5,38.5,325.0,525.0,222,6,9,2,4,Get Excited!,ADC,13.39216806964026,0.0003345417151644,0.0,0.0003860096713436,13.391447518253754,0.0,"A manic and impulsive criminal from Zaun, Jinx lives to wreak havoc without care for the consequences. With an arsenal of deadly weapons, she unleashes the loudest blasts and brightest explosions to leave a trail of mayhem and panic in her wake. Jinx despises boredom, and gleefully brings her own chaotic brand of pandemonium wherever she goes."
47,Kai'Sa,1462.0,2033.0,646.0,990.88,28.9,30.6,51.0,87.9,8.5,31.244,79.0,38.5,335.0,525.0,145,6,8,5,3,Second Skin,ADC,23.707478782978416,0.0,0.0,0.010139187367293,23.69700505389596,0.0003345417151644,"Claimed by the Void when she was only a child, Kai'Sa managed to survive through sheer tenacity and strength of will. Her experiences have made her a deadly hunter and, to some, the harbinger of a future they would rather not live to see. Having entered into an uneasy symbiosis with a living Void carapace, the time will soon come when she must decide whether to forgive those mortals who would call her a monster, and defeat the coming darkness together… or simply to forget, as the Void consumes the world that left her behind."
48,Kalista,1513.0,2047.0,765.0,1015.0,68.0,68.0,59.5,137.0,8.5,68.694,82.5,38.5,325.0,525.0,429,7,8,2,4,Martial Poise,ADC,2.2584139171412225,0.1230856172024438,0.0,0.0302631582333418,2.105065141705437,0.0,"A specter of wrath and retribution, Kalista is the undying spirit of vengeance, an armored nightmare summoned from the Shadow Isles to hunt deceivers and traitors. The betrayed may cry out in blood to be avenged, but Kalista only answers those willing to pay with their very souls. Those who become the focus of Kalista's wrath should make their final peace, for any pact sealed with this grim hunter can only end with the cold, piercing fire of her soul-spears."
49,Karma,1615.0,2149.0,850.0,1224.0,56.1,39.1,64.6,109.644,8.5,39.725,90.6,38.5,335.0,525.0,43,5,1,7,8,Gathering Fire,Support,14.203946408475948,0.6847039550293585,0.0,0.7650969025811952,0.1404817863909974,12.613663764474396,"No mortal exemplifies the spiritual traditions of Ionia more than Karma. She is the living embodiment of an ancient soul reincarnated countless times, carrying all her accumulated memories into each new life, and blessed with power that few can comprehend. She has done her best to guide her people in recent times of crisis, though she knows that peace and harmony may come only at a considerable cost—both to her, and to the land she holds most dear."
50,Karthus,1479.0,2007.0,518.5,985.5,55.25,35.87,59.5,100.91,8.5,36.495,80.38,38.5,335.0,450.0,30,7,2,2,10,Death Defied,Jungle,2.91766696783999,0.0201497048441383,2.3694045646415653,0.2565420275749869,0.2517297736722361,0.0198408971070633,"The harbinger of oblivion, Karthus is an undying spirit whose haunting songs are a prelude to the horror of his nightmarish appearance. The living fear the eternity of undeath, but Karthus sees only beauty and purity in its embrace, a perfect union of life and death. When Karthus emerges from the Shadow Isles, it is to bring the joy of death to mortals, an apostle of the unliving."
51,Kassadin,1530.0,2106.0,1139.0,1536.6,66.3,62.900000000000006,47.6,125.152,8.5,63.540000000000006,66.6,38.5,340.0,150.0,38,8,3,5,8,Void Stone,MID,4.809577569029466,0.1548156121868914,0.0,4.654761956842575,0.0,0.0,"Cutting a burning swath through the darkest places of the world, Kassadin knows his days are numbered. A widely traveled Shuriman guide and adventurer, he had chosen to raise a family among the peaceful southern tribes—until the day his village was consumed by the Void. He vowed vengeance, combining a number of arcane artifacts and forbidden technologies for the struggle ahead. Finally, Kassadin set out for the wastelands of Icathia, ready to face any monstrous Void-construct in his search for their self-proclaimed prophet, Malzahar."
52,Katarina,1598.0,2200.0,0.0,0.0,54.400000000000006,46.580000000000005,59.5,112.4,21.25,47.23800000000001,87.38,53.35,340.0,125.0,55,8,4,3,9,Voracity,MID,10.430624669157543,0.2717250746478369,0.0,10.125085147300004,0.0338144472097033,0.0,"Decisive in judgment and lethal in combat, Katarina is a Noxian assassin of the highest caliber. Eldest daughter to the legendary General Du Couteau, she made her talents known with swift kills against unsuspecting enemies. Her fiery ambition has driven her to pursue heavily-guarded targets, even at the risk of endangering her allies—but no matter the mission, Katarina will not hesitate to execute her duty amid a whirlwind of serrated daggers."
53,Kayle,1445.0,2045.0,850.0,1180.0,42.5,25.5,51.0,92.5,8.5,26.167,77.0,42.5,335.0,175.0,10,7,6,6,7,Divine Ascent,TOP,4.828517776903394,3.518092144625986,0.0,1.298588002356203,0.0003860096713436,0.0114516202498614,"Born to a Targonian Aspect at the height of the Rune Wars, Kayle honored her mother's legacy by fighting for justice on wings of divine flame. She and her twin sister Morgana were the protectors of Demacia for many years—until Kayle became disillusioned with the repeated failings of mortals, and abandoned this realm altogether. Still, legends are told of her punishing the unjust with her fiery swords, and many hope that she will one day return…"
54,Kayn,1445.0,2030.0,850.0,1260.0,56.1,45.900000000000006,56.1,124.1,21.25,46.569,94.1,53.35,340.0,175.0,141,8,10,6,1,The Darkin Scythe,Jungle,10.597741122871252,0.1202291456345008,10.465314071622291,0.0121979056144592,0.0,0.0,"A peerless practitioner of lethal shadow magic, Shieda Kayn battles to achieve his true destiny—to one day lead the Order of Shadow into a new era of Ionian supremacy. He wields the sentient darkin weapon Rhaast, undeterred by its creeping corruption of his body and mind. There are only two possible outcomes: either Kayn bends the weapon to his will... or the malevolent blade consumes him completely, paving the way for the destruction of all Runeterra."
55,Kennen,1428.0,1969.0,0.0,200.0,63.75,57.8,63.75,111.75,8.5,58.425,92.75,38.5,335.0,550.0,85,4,6,4,7,Mark of the Storm,TOP,1.9183136627093813,1.546560615227361,0.0,0.3565957343872598,0.0,0.0151573130947604,"More than just the lightning-quick enforcer of Ionian balance, Kennen is the only yordle member of the Kinkou. Despite his small, furry stature, he is eager to take on any threat with a whirling storm of shuriken and boundless enthusiasm. Alongside his master Shen, Kennen patrols the spirit realm, employing devastating electrical energy to strike down his enemies."
56,Kha'Zix,1445.0,2017.8,680.0,1007.2,52.7,45.900000000000006,51.0,115.7,21.25,46.568000000000005,87.0,53.35,350.0,125.0,121,6,9,4,3,Unseen Threat,Jungle,9.748931589564666,0.0048379878808403,9.738792402197372,0.0053011994864527,0.0,0.0,"The Void grows, and the Void adapts—in none of its myriad spawn are these truths more apparent than Kha'Zix. Evolution drives the core of this mutating horror, born to survive and to slay the strong. Where it struggles to do so, it grows new, more effective ways to counter and kill its prey. Initially a mindless beast, Kha'Zix's intelligence has developed as much as its form. Now, the creature plans out its hunts, and even utilizes the visceral terror it engenders in its victims."
57,Kindred,1445.0,1985.0,595.0,895.0,38.42,59.5,59.5,103.42,8.5,60.125,88.5,38.5,325.0,500.0,203,4,8,2,2,Mark of the Kindred,Jungle,6.162258393329958,0.0020587182471661,5.928593872276605,0.1008514601330498,0.1307543426731375,0.0,"Separate, but never parted, Kindred represents the twin essences of death. Lamb's bow offers a swift release from the mortal realm for those who accept their fate. Wolf hunts down those who run from their end, delivering violent finality within his crushing jaws. Though interpretations of Kindred's nature vary across Runeterra, every mortal must choose the true face of their death."
58,Kled,1020.0,1420.0,0.0,100.0,59.5,59.5,68.0,124.5,21.25,60.125,103.0,53.35,345.0,125.0,240,7,8,2,2,"Skaarl, the Cowardly Lizard",TOP,2.852637205207631,2.5116877294988336,0.0014153687949267,0.3377069944695107,0.0009264232112247,0.0009006892331351,"A warrior as fearless as he is ornery, the yordle Kled embodies the furious bravado of Noxus. He is an icon beloved by the empire's soldiers, distrusted by its officers, and loathed by the nobility. Many claim Kled has fought in every campaign the legions have waged, has “acquired” every military title, and has never once backed down from a fight. Though the truth of the matter is often questionable, one part of his legend is undeniable: Charging into battle on his un-trusty steed, Skaarl, Kled fights to protect what's his… and to take whatever he can get."
59,Kog'Maw,1496.0,2030.0,680.0,1005.0,52.87,45.05,59.5,113.87,8.5,45.715,83.5,38.5,330.0,500.0,96,6,8,2,5,Icathian Surprise,ADC,6.506579020168491,0.0003860096713436,0.0,0.1745535733815965,6.3307902158385945,0.000849221276956,"Belched forth from a rotting Void incursion deep in the wastelands of Icathia, Kog'Maw is an inquisitive yet putrid creature with a caustic, gaping mouth. This particular Void-spawn needs to gnaw and drool on anything within reach to truly understand it. Though not inherently evil, Kog'Maw's beguiling naiveté is dangerous, as it often precedes a feeding frenzy—not for sustenance, but to satisfy its unending curiosity."
60,LeBlanc,1564.0,2092.0,850.0,1184.0,59.5,23.8,59.5,114.38,8.5,24.425,81.38,38.5,340.0,525.0,7,9,1,4,10,Mirror Image,MID,5.488414177054401,0.0066393663471107,0.0,5.320731575822721,0.0,0.1610432348845689,"Mysterious even to other members of the Black Rose cabal, LeBlanc is but one of many names for a pale woman who has manipulated people and events since the earliest days of Noxus. Using her magic to mirror herself, the sorceress can appear to anyone, anywhere, and even be in many places at once. Always plotting just out of sight, LeBlanc's true motives are as inscrutable as her shifting identity."
61,Lee Sin,1445.0,2020.0,0.0,200.0,54.400000000000006,51.0,62.900000000000006,124.4,21.25,51.651,95.9,53.35,345.0,125.0,64,6,8,5,3,Flurry,Jungle,24.557317675408587,4.220423874646705,18.78377102112168,1.4465841103493569,0.0063305586100357,0.1002081106808104,"A master of Ionia's ancient martial arts, Lee Sin is a principled fighter who channels the essence of the dragon spirit to face any challenge. Though he lost his sight many years ago, the warrior-monk has devoted his life to protecting his homeland against any who would dare upset its sacred balance. Enemies who underestimate his meditative demeanor will endure his fabled burning fists and blazing roundhouse kicks."
62,Leona,1479.0,2055.16,680.0,982.2,51.0,49.3,61.2,111.04,21.25,49.925,108.2,53.35,335.0,125.0,89,4,4,8,3,Sunlight,Support,11.223411332163124,0.0024447279185097,0.0,0.0,0.0,11.220966604244614,"Imbued with the fire of the sun, Leona is a holy warrior of the Solari who defends Mount Targon with her Zenith Blade and the Shield of Daybreak. Her skin shimmers with starfire while her eyes burn with the power of the celestial Aspect within her. Armored in gold and bearing a terrible burden of ancient knowledge, Leona brings enlightenment to some, death to others."
63,Lissandra,1530.0,2080.0,510.0,985.0,45.900000000000006,23.12,62.900000000000006,98.9,8.5,23.745,84.9,38.5,325.0,550.0,127,6,2,5,8,Iceborn Subjugation,MID,1.991320958549509,0.1254016752305056,0.0,1.855085278543292,0.0,0.0108340047757116,"Lissandra's magic twists the pure power of ice into something dark and terrible. With the force of her black ice, she does more than freeze—she impales and crushes those who oppose her. To the terrified denizens of the north, she is known only as ''The Ice Witch.'' The truth is much more sinister: Lissandra is a corruptor of nature who plots to unleash an ice age on the world."
64,Lucian,1462.0,2033.0,646.0,994.88,46.75,56.1,51.0,110.75,8.5,56.73799999999999,79.0,38.5,335.0,500.0,236,6,8,5,3,Lightslinger,ADC,10.648051050036376,0.9003804253980983,0.0,4.434582040308159,5.313088584330117,0.0,"Lucian, a Sentinel of Light, is a grim hunter of undying spirits, pursuing them relentlessly and annihilating them with his twin relic pistols. After the wraith Thresh slew his wife, Lucian embarked on the path of vengeance—but even with her return to life, his rage is undiminished. Merciless and single-minded, Lucian will stop at nothing to protect the living from the long-dead horrors of the Black Mist."
65,Lulu,1258.0,1783.0,935.0,1285.0,44.2,38.25,62.900000000000006,90.568,8.5,38.875,91.12,38.5,330.0,550.0,117,5,4,5,7,"Pix, Faerie Companion",Support,17.913705221913098,0.3591691321962174,0.0064849624785732,0.3246856015561851,0.000360275693254,17.22300524998887,"The yordle mage Lulu is known for conjuring dreamlike illusions and fanciful creatures as she roams Runeterra with her fairy companion Pix. Lulu shapes reality on a whim, warping the fabric of the world, and what she views as the constraints of this mundane, physical realm. While others might consider her magic at best unnatural, and at worst dangerous, she believes everyone could use a touch of enchantment."
66,Lux,1445.0,1935.0,399.5,879.5,56.1,17.0,68.0,109.64,8.5,17.625,86.72,38.5,330.0,550.0,99,5,2,4,9,Illumination,Support,9.439094493366166,0.0006176154741498,0.0011065610578517,3.696299942896303,0.1461689955487938,5.594901378389069,"Luxanna Crownguard hails from Demacia, an insular realm where magical abilities are viewed with fear and suspicion. Able to bend light to her will, she grew up dreading discovery and exile, and was forced to keep her power secret, in order to preserve her family's noble status. Nonetheless, Lux's optimism and resilience have led her to embrace her unique talents, and she now covertly wields them in service of her homeland."
67,Malphite,1530.0,2104.2,680.0,962.2,68.0,57.8,63.75,129.97,21.25,58.438,100.75,53.35,335.0,125.0,54,2,5,9,7,Granite Shield,TOP,6.4829294943041695,4.980528385478522,0.12149011056089,0.9935374260823648,0.0,0.3873735721823932,"A massive creature of living stone, Malphite struggles to impose blessed order on a chaotic world. Birthed as a servitor-shard to an otherworldly obelisk known as the Monolith, he used his tremendous elemental strength to maintain and protect his progenitor, but ultimately failed. The only survivor of the destruction that followed, Malphite now endures Runeterra's soft folk and their fluid temperaments, while struggling to find a new role worthy of the last of his kind."
68,Malzahar,1479.0,2016.0,467.5,842.5,51.0,25.5,59.5,106.0,8.5,26.125,77.5,38.5,335.0,500.0,90,6,2,2,9,Void Shift,MID,3.678183222321241,0.1898395563668049,0.0,3.455429907977868,0.0294396709344753,0.0034740870420928,"A zealous seer dedicated to the unification of all life, Malzahar truly believes the newly emergent Void to be the path to Runeterra's salvation. In the desert wastes of Shurima, he followed the voices that whispered in his mind, all the way to ancient Icathia. Amidst the ruins of that land, he gazed into the dark heart of the Void itself, and was gifted new power and purpose. Malzahar now sees himself as a shepherd, empowered to bring others into the fold… or to release the voidling creatures that dwell beneath."
69,Maokai,1615.0,2180.0,731.0,1108.28,56.1,36.125,68.0,119.64,21.25,36.82,107.0,53.35,335.0,125.0,57,3,3,8,6,Sap Magic,Support,3.575092906094398,0.7000671399488357,0.0127897871105194,0.0151315791166709,0.1028072424678576,2.744297157450514,"Maokai is a rageful, towering treant who fights the unnatural horrors of the Shadow Isles. He was twisted into a force of vengeance after a magical cataclysm destroyed his home, surviving undeath only through the Waters of Life infused within his heartwood. Once a peaceful nature spirit, Maokai now furiously battles to banish the scourge of unlife from the Shadow Isles and restore his home to its former beauty."
70,Master Yi,1564.0,2162.56,714.0,964.56,51.0,34.0,51.0,117.0,21.25,34.679,84.0,53.35,355.0,125.0,11,4,10,4,2,Double Strike,Jungle,6.308067113185499,0.1225452036625626,6.020309770187855,0.1645687898828409,0.0006433494522394,0.0,"Master Yi has tempered his body and sharpened his mind, so that thought and action have become almost as one. Though he chooses to enter into violence only as a last resort, the grace and speed of his blade ensures resolution is always swift. As one of the last living practitioners of the Ionian art of Wuju, Yi has devoted his life to continuing the legacy of his people—scrutinizing potential new disciples with the Seven Lenses of Insight to identify the most worthy among them."
71,Miss Fortune,1547.0,2088.0,595.0,920.84,45.900000000000006,51.0,51.0,95.9,8.5,51.656,79.0,38.5,325.0,550.0,21,1,8,2,5,Love Tap,ADC,4.962025655232117,0.0,0.0,0.0017499105100911,4.736158529539905,0.2241172151821206,"A Bilgewater captain famed for her looks but feared for her ruthlessness, Sarah Fortune paints a stark figure among the hardened criminals of the port city. As a child, she witnessed the reaver king Gangplank murder her family—an act she brutally avenged years later, blowing up his flagship while he was still aboard. Those who underestimate her will face a beguiling and unpredictable opponent… and, likely, a bullet or two in their guts."
72,Mordekaiser,1530.0,2105.0,0.0,0.0,68.0,17.0,51.0,129.0,21.25,17.625,88.0,53.25,335.0,175.0,82,4,4,6,7,Darkness Rise,TOP,7.351914466432985,6.385886662928378,0.5461007490389003,0.4178683362185412,0.0013896348168371,0.0006690834303289,"Twice slain and thrice born, Mordekaiser is a brutal warlord from a foregone epoch who uses his necromantic sorcery to bind souls into an eternity of servitude. Few now remain who remember his earlier conquests, or know the true extent of his powers—but there are some ancient souls that do, and they fear the day when he may return to claim dominion over both the living and the dead."
73,Morgana,1530.0,2090.0,1020.0,1360.0,59.5,26.01,64.6,115.5,8.5,26.635,89.6,38.5,330.0,450.0,25,1,1,6,8,Soul Siphon,Support,9.059698454391542,0.0182711244435992,1.4472789277577751,0.4473337411311061,0.0162638741526122,7.130550786906449,"Conflicted between her celestial and mortal natures, Morgana bound her wings to embrace humanity, and inflicts her pain and bitterness upon the dishonest and the corrupt. She rejects laws and traditions she believes are unjust, and fights for truth from the shadows of Demacia—even as others seek to repress it—by casting shields and chains of dark fire. More than anything else, Morgana truly believes that even the banished and outcast may one day rise again."
74,Nami,1258.0,1747.32,731.0,1108.24,52.7,44.37,68.0,103.908,8.5,45.014,97.0,38.5,335.0,550.0,267,5,4,3,7,Surging Tides,Support,5.111308462129749,0.0,0.0,0.0,0.0,5.111308462129749,"A headstrong young vastaya of the seas, Nami was the first of the Marai tribe to leave the waves and venture onto dry land, when their ancient accord with the Targonians was broken. With no other option, she took it upon herself to complete the sacred ritual that would ensure the safety of her people. Amidst the chaos of this new age, Nami faces an uncertain future with grit and determination, using her Tidecaller staff to summon the strength of the oceans themselves."
75,Nasus,1530.0,2091.2,714.0,1039.6,59.5,59.16,59.5,126.5,21.25,59.798,93.5,53.35,350.0,125.0,75,6,7,5,6,Soul Eater,TOP,4.974506634605562,4.566597347907687,0.1670907197356194,0.2191762913889219,0.0,0.0216422755733337,"Nasus is an imposing, jackal-headed Ascended being from ancient Shurima, a heroic figure regarded as a demigod by the people of the desert. Fiercely intelligent, he was a guardian of knowledge and peerless strategist whose wisdom guided the ancient empire of Shurima to greatness for many centuries. After the fall of the empire, he went into self-imposed exile, becoming little more than a legend. Now that the ancient city of Shurima has risen once more, he has returned, determined to ensure it never falls again."
76,Nautilus,1462.0,2038.48,799.0,1199.0,56.1,17.0,63.75,117.1,21.25,17.612,102.75,53.35,325.0,175.0,111,6,4,6,6,Staggering Blow,Support,10.649157611094228,0.0848449257613333,0.2610969416968419,0.0,0.0160580023278956,10.287157741308157,"A lonely legend as old as the first piers sunk in Bilgewater, the armored goliath known as Nautilus roams the dark waters off the coast of the Blue Flame Isles. Driven by a forgotten betrayal, he strikes without warning, swinging his enormous anchor to save the wretched, and drag the greedy to their doom. It is said he comes for those who forget to pay the “Bilgewater tithe”, pulling them down beneath the waves with him—an iron-clad reminder that none can escape the depths."
77,Neeko,1530.0,2070.0,510.0,960.0,42.5,51.0,68.0,90.5,8.5,51.625,89.0,38.5,340.0,550.0,518,5,1,1,9,Inherent Glamour,MID,1.9381288258383549,0.1782592662264955,0.0,1.2293636012952425,0.0344063287057636,0.4960996296108533,"Hailing from a long lost tribe of vastaya, Neeko can blend into any crowd by borrowing the appearances of others, even absorbing something of their emotional state to tell friend from foe in an instant. No one is ever sure where—or who—Neeko might be, but those who intend to do her harm will soon witness her true colors revealed, and feel the full power of her primordial spirit magic unleashed upon them."
78,Nidalee,1445.0,1990.0,765.0,1060.6,59.5,54.74,59.5,120.5,8.5,55.378,87.5,38.5,335.0,525.0,76,8,5,4,7,Prowl,Jungle,4.990410233064919,0.047015977969656,4.917994818720851,0.0048894558370195,0.0,0.0205099805373923,"Raised in the deepest jungle, Nidalee is a master tracker who can shapeshift into a ferocious cougar at will. Neither wholly woman nor beast, she viciously defends her territory from any and all trespassers, with carefully placed traps and deft spear throws. She cripples her quarry before pouncing on them in feline form—the lucky few who survive tell tales of a wild woman with razor-sharp instincts, and even sharper claws..."
79,Nocturne,1445.0,2030.0,595.0,870.0,52.7,45.900000000000006,59.5,114.7,21.25,46.568000000000005,97.5,53.35,345.0,125.0,56,4,9,5,2,Umbra Blades,Jungle,7.635683042826743,1.3883223839545558,5.377088987838894,0.870271671033294,0.0,0.0,"A demonic amalgamation drawn from the nightmares that haunt every sentient mind, the thing known as Nocturne has become a primordial force of pure evil. It is liquidly chaotic in aspect, a faceless shadow with cold eyes and armed with wicked-looking blades. After freeing itself from the spirit realm, Nocturne descended upon the waking world, to feed upon the kind of terror that can only thrive in true darkness."
80,Nunu & Willump,1394.0,1964.0,714.0,994.0,51.0,38.25,51.0,112.0,21.25,38.875,83.0,53.35,345.0,125.0,20,4,4,6,7,Call of the Freljord,Jungle,4.255756626563693,0.000360275693254,3.694472830451944,0.4863721858929934,0.0,0.0745513345255027,"Once upon a time, there was a boy who wanted to prove he was a hero by slaying a fearsome monster—only to discover that the beast, a lonely and magical yeti, merely needed a friend. Bound together by ancient power and a shared love of snowballs, Nunu and Willump now ramble wildly across the Freljord, breathing life into imagined adventures. They hope that somewhere out there, they will find Nunu's mother. If they can save her, maybe they will be heroes after all…"
81,Olaf,1581.0,2178.24,714.0,1029.6,59.5,45.900000000000006,51.0,127.5,21.25,46.59400000000001,86.0,53.35,350.0,125.0,2,3,9,5,3,Berserker Rage,Jungle,1.7612849284067864,0.2711074591736871,1.4899201294522035,0.0002573397808957,0.0,0.0,"An unstoppable force of destruction, the axe-wielding Olaf wants nothing but to die in glorious combat. Hailing from the brutal Freljordian peninsula of Lokfar, he once received a prophecy foretelling his peaceful passing—a coward's fate, and a great insult among his people. Seeking death, and fueled by rage, he rampaged across the land, slaughtering scores of great warriors and legendary beasts in search of any opponent who could stop him. Now a brutal enforcer for the Winter's Claw, he seeks his end in the great wars to come."
82,Orianna,1547.0,2077.0,425.0,843.0,44.2,59.5,51.0,84.56800000000001,8.5,60.158,68.03999999999999,34.5,325.0,525.0,61,7,4,3,9,Clockwork Windup,MID,3.192402917924308,0.0035770229544511,0.0,3.090264758886779,0.0003345417151644,0.098226594367913,"Once a curious girl of flesh and blood, Orianna is now a technological marvel comprised entirely of clockwork. She became gravely ill after an accident in the lower districts of Zaun, and her failing body had to be replaced with exquisite artifice, piece by piece. Accompanied by an extraordinary brass sphere she built for companionship and protection, Orianna is now free to explore the wonders of Piltover, and beyond."
83,Ornn,1615.0,2205.0,765.0,1105.6,59.5,34.0,68.0,128.5,21.25,34.625,104.0,53.35,335.0,175.0,516,5,5,9,3,Living Forge,TOP,3.626380724426924,3.49722188839534,0.0004889455837019,0.1045314189998592,0.0,0.0241384714480226,"Ornn is the Freljordian spirit of forging and craftsmanship. He works in the solitude of a massive smithy, hammered out from the lava caverns beneath the volcano Hearth-Home. There he stokes bubbling cauldrons of molten rock to purify ores and fashion items of unsurpassed quality. When other deities—especially Volibear—walk the earth and meddle in mortal affairs, Ornn arises to put these impetuous beings back in their place, either with his trusty hammer or the fiery power of the mountains themselves."
84,Pantheon,1615.0,2195.0,527.0,844.12,56.1,50.150000000000006,63.75,120.1,21.25,50.794,103.75,49.25,355.0,175.0,80,4,9,4,3,Mortal Will,MID,5.096820232465317,0.8086387935087584,0.2455793529088273,2.219143866576529,0.0170873614514787,1.806370858019724,"Once an unwilling host to the Aspect of War, Atreus survived when the celestial power within him was slain, refusing to succumb to a blow that tore stars from the heavens. In time, he learned to embrace the power of his own mortality, and the stubborn resilience that goes along with it. Atreus now opposes the divine as Pantheon reborn, his unbreakable will fueling the fallen Aspect's weapons on the field of battle."
85,Poppy,1530.0,2070.0,680.0,960.0,68.0,42.5,59.5,132.0,21.25,43.125,97.5,53.25,345.0,125.0,78,6,6,7,2,Iron Ambassador,Jungle,4.115969657581115,1.7583255209264852,2.0068642813156137,0.0214106697705275,0.0,0.329369185568488,"Runeterra has no shortage of valiant champions, but few are as tenacious as Poppy. Bearing the legendary hammer of Orlon, a weapon twice her size, this determined yordle has spent untold years searching in secret for the fabled “Hero of Demacia,” said to be its rightful wielder. Until then, she dutifully charges into battle, pushing back the kingdom's enemies with every whirling strike."
86,Pyke,1530.0,2130.0,850.0,1265.0,34.0,42.5,85.0,96.0,25.5,43.167,130.0,57.5,330.0,150.0,555,7,9,3,1,Gift of the Drowned Ones,Support,7.160299265577999,0.0034483530640032,0.0007462853645977,0.409736399142235,0.0254251703525014,6.720943057654662,"A renowned harpooner from the slaughter docks of Bilgewater, Pyke should have met his death in the belly of a gigantic jaull-fish… and yet, he returned. Now, stalking the dank alleys and backways of his former hometown, he uses his new supernatural gifts to bring a swift and gruesome end to those who make their fortune by exploiting others—and a city that prides itself on hunting monsters now finds a monster hunting them."
87,Qiyana,1530.0,2120.0,850.0,1170.0,52.7,35.7,59.5,116.7,21.25,36.325,87.5,53.35,335.0,150.0,246,8,0,2,4,Royal Privilege,MID,5.024765093814504,0.1464263353296895,0.1090863331217142,4.767219441094023,0.0002830737589853,0.0017499105100911,"In the jungle city of Ixaocan, Qiyana plots her own ruthless path to the high seat of the Yun Tal. Last in line to succeed her parents, she faces those who stand in her way with brash confidence and unprecedented mastery over elemental magic. With the land itself obeying her every command, Qiyana sees herself as the greatest elementalist in the history of Ixaocan—and by that right, deserving of not only a city, but an empire."
88,Quinn,1445.0,1977.8,595.0,863.8,40.8,52.7,59.5,99.8,8.5,53.368,87.5,38.5,335.0,525.0,133,5,9,4,2,Harrier,TOP,1.5615377904754946,1.3825065049063117,0.0007205513865081,0.1470182168257498,0.0312925173569248,0.0,"Quinn is an elite ranger-knight of Demacia, who undertakes dangerous missions deep in enemy territory. She and her legendary eagle, Valor, share an unbreakable bond, and their foes are often slain before they realize they are fighting not one, but two of the kingdom's greatest heroes. Nimble and acrobatic when required, Quinn takes aim with her crossbow while Valor marks their elusive targets from above, making them a deadly pair on the battlefield."
89,Rakan,1445.0,1985.0,850.0,1165.0,59.5,51.0,66.3,121.5,21.25,51.635,98.3,53.35,335.0,300.0,497,5,2,4,8,Fey Feathers,Support,3.5262498156803823,0.0,0.0,0.0031395453269283,0.0,3.523110270353454,"As mercurial as he is charming, Rakan is an infamous vastayan troublemaker and the greatest battle-dancer in Lhotlan tribal history. To the humans of the Ionian highlands, his name has long been synonymous with wild festivals, uncontrollable parties, and anarchic music. Few would suspect this energetic, traveling showman is also partner to the rebel Xayah, and is dedicated to her cause."
90,Rammus,1462.0,2026.48,561.0,871.44,59.5,37.655,73.1,115.38,21.25,38.28,109.1,53.35,335.0,125.0,33,5,4,10,5,Spiked Shell,Jungle,2.698928154078591,0.0846647879147062,2.534488034086198,0.0002573397808957,0.0,0.079517992296791,"Idolized by many, dismissed by some, mystifying to all, the curious being Rammus is an enigma. Protected by a spiked shell, he inspires increasingly disparate theories on his origin wherever he goes—from demigod, to sacred oracle, to a mere beast transformed by magic. Whatever the truth may be, Rammus keeps his own counsel and stops for no one as he roams the Shuriman desert."
91,Rek'Sai,1445.0,2015.0,0.0,100.0,51.0,34.0,63.75,115.0,21.25,34.667,99.75,53.35,335.0,175.0,421,3,8,5,2,Fury of the Xer'Sai,Jungle,2.959278810410836,0.1141816607834503,2.838586453170722,0.0062018887195879,0.0,0.0003088077370749,"An apex predator, Rek'Sai is a merciless Void-spawn that tunnels beneath the ground to ambush and devour unsuspecting prey. Her insatiable hunger has laid waste to entire regions of the once-great empire of Shurima—merchants, traders, even armed caravans, will go hundreds of miles out of their way to avoid her and her offspring's hunting grounds. All know that once Rek'Sai is seen on the horizon, death from below is all but guaranteed."
92,Renekton,1479.0,2054.0,0.0,100.0,63.75,46.75,68.0,132.75,21.25,47.415,103.0,53.35,345.0,125.0,58,3,8,5,2,Reign of Anger,TOP,5.880008121643485,4.972833926029739,0.0,0.9071741956137463,0.0,0.0,"Renekton is a terrifying, rage-fueled Ascended being from the scorched deserts of Shurima. Once, he was his empire's most esteemed warrior, leading the nation's armies to countless victories. However, after the empire's fall, Renekton was entombed beneath the sands, and slowly, as the world turned and changed, he succumbed to insanity. Now free once more, he is utterly consumed with finding and killing his brother, Nasus, who he blames, in his madness, for the centuries he spent in darkness."
93,Rengar,1530.0,2115.0,0.0,4.0,51.0,51.0,51.0,119.0,21.25,51.667,85.0,53.35,345.0,125.0,107,8,7,4,2,Unseen Predator,Jungle,3.7382977951384913,1.3564637190796602,2.3621990507764843,0.0,0.0192232816329135,0.0004117436494332,"Rengar is a ferocious vastayan trophy hunter who lives for the thrill of tracking down and killing dangerous creatures. He scours the world for the most fearsome beasts he can find, especially seeking any trace of Kha'Zix, the void creature who scratched out his eye. Rengar stalks his prey neither for food nor glory, but for the sheer beauty of the pursuit."
94,Riven,1462.0,2020.48,0.0,0.0,51.0,59.5,54.400000000000006,115.0,21.25,60.125,87.4,53.35,340.0,125.0,92,8,8,5,1,Runic Blade,TOP,7.369413571533895,6.804166742796351,0.0935430103556101,0.4714464786010392,0.0002573397808957,0.0,"Once a swordmaster in the warhosts of Noxus, Riven is an expatriate in a land she previously tried to conquer. She rose through the ranks on the strength of her conviction and brutal efficiency, and was rewarded with a legendary runic blade and a warband of her own. However, on the Ionian front, Riven's faith in her homeland was tested and ultimately broken. Having severed all ties to the empire, she now seeks to find her place in a shattered world, even as rumors abound that Noxus itself has been reforged..."
95,Rumble,1445.0,2034.0,0.0,100.0,54.400000000000006,31.450000000000003,59.5,115.436,21.25,32.094,90.38,53.35,345.0,125.0,68,10,3,6,8,Junkyard Titan,Jungle,8.98084954552508,1.1038075221961996,6.3448924358316825,1.4229603184631257,0.0013124328825683,0.1078768361515041,"Rumble is a young inventor with a temper. Using nothing more than his own two hands and a heap of scrap, the feisty yordle constructed a colossal mech suit outfitted with an arsenal of electrified harpoons and incendiary rockets. Though others may scoff and sneer at his junkyard creations, Rumble doesn't mind—after all, he's the one with the flamespitter."
96,Ryze,1666.0,2236.48,850.0,1150.0,51.0,35.904,51.0,106.04,8.5,36.529,72.55199999999999,42.5,340.0,550.0,13,7,2,2,10,Arcane Mastery,MID,3.2099534909813987,0.7852466074253335,0.0002573397808957,2.4238319283010195,0.0006176154741498,0.0,"Widely considered one of the most adept sorcerers on Runeterra, Ryze is an ancient, hard-bitten archmage with an impossibly heavy burden to bear. Armed with immense arcane power and a boundless constitution, he tirelessly hunts for World Runes—fragments of the raw magic that once shaped the world from nothingness. He must retrieve these artifacts before they fall into the wrong hands, for Ryze understands the horrors they could unleash on Runeterra."
97,Sejuani,1615.0,2175.0,680.0,1080.0,68.0,59.5,72.25,134.0,21.25,60.125,106.25,53.35,340.0,150.0,113,4,5,7,6,Fury of the North,Jungle,2.373908010807241,0.177744586664704,2.18929245199262,0.0061504207634087,0.0,0.0007205513865081,"Sejuani is the brutal, unforgiving Iceborn warmother of the Winter's Claw, one of the most feared tribes of the Freljord. Her people's survival is a constant, desperate battle against the elements, forcing them to raid Noxians, Demacians, and Avarosans alike to survive the harsh winters. Sejuani herself spearheads the most dangerous of these attacks from the saddle of her drüvask boar Bristle, using her True Ice flail to freeze and shatter her enemies."
98,Senna,1445.0,1965.0,765.0,1115.0,0.0,68.0,59.5,50.0,8.5,68.2,87.5,38.5,330.0,600.0,235,7,7,2,6,Absolution,Support,14.034616832646538,0.0275610905339362,0.0,0.0015440386853745,1.57821340827754,12.427298295149686,"Cursed from childhood to be haunted by the supernatural Black Mist, Senna joined a sacred order known as the Sentinels of Light, and fiercely fought back—only to be killed, her soul imprisoned in a lantern by the cruel wraith Thresh. But refusing to lose hope, within the lantern Senna learned to use the Mist, and reemerged to new life, forever changed. Now wielding darkness along with light, Senna seeks to end the Black Mist by turning it against itself—with every blast of her relic weapon, redeeming the souls lost within."
99,Shaco,1513.0,2100.0,680.0,977.2,51.0,51.0,59.5,114.0,21.25,51.694,89.5,53.35,350.0,125.0,35,9,8,4,6,Backstab,Jungle,9.926496038382744,0.1311403523444812,8.241589556945819,0.0086723506161872,0.000360275693254,1.5447335027830011,"Crafted long ago as a plaything for a lonely prince, the enchanted marionette Shaco now delights in murder and mayhem. Corrupted by dark magic and the loss of his beloved charge, the once-kind puppet finds pleasure only in the misery of the poor souls he torments. He uses toys and simple tricks to deadly effect, finding the results of his bloody “games” hilarious—and for those who hear a dark chuckle in the dead of night, the Demon Jester may have marked them as his next plaything."
100,Shen,1445.0,1985.0,0.0,400.0,51.0,51.0,51.0,111.0,21.25,51.651,85.0,53.35,340.0,125.0,98,4,3,9,3,Ki Barrier,TOP,6.401121177957407,5.764179486262302,0.0908409426562046,0.0907380067438463,0.0003088077370749,0.455053934557979,"Among the secretive, Ionian warriors known as the Kinkou, Shen serves as their leader, the Eye of Twilight. He longs to remain free from the confusion of emotion, prejudice, and ego, and walks the unseen path of dispassionate judgment between the spirit realm and the physical world. Tasked with enforcing the equilibrium between them, Shen wields blades of steel and arcane energy against any who would threaten it."
101,Shyvana,1615.0,2210.0,0.0,100.0,57.8,42.5,56.95,123.8,21.25,43.158,94.95,53.35,350.0,125.0,102,4,8,6,3,Fury of the Dragonborn,Jungle,1.4080860791273506,0.2104524728165556,1.18942446730022,0.0082091390105748,0.0,0.0,"Shyvana is a creature with the magic of a rune shard burning within her heart. Though she often appears humanoid, she can take her true form as a fearsome dragon, incinerating her foes with fiery breath. Having saved the life of the crown prince Jarvan IV, Shyvana now serves uneasily in his royal guard, struggling to find acceptance among the suspicious people of Demacia."
102,Singed,1445.0,2055.0,765.0,1095.0,57.375,32.3,59.5,120.375,21.25,32.913,96.5,53.35,345.0,125.0,27,5,4,8,7,Noxious Slipstream,TOP,1.9267029395665831,1.8265205628638623,0.0107568028414429,0.0742682607665174,0.0097531776959494,0.005404135398811,"Singed is a Zaunite alchemist of unmatched intellect, who has devoted his life to pushing the boundaries of knowledge—with no price, even his own sanity, too high to pay. Is there a method to his madness? His concoctions rarely fail, but it appears to many that Singed has lost all sense of humanity, leaving a toxic trail of misery and terror in his wake."
103,Sion,1241.0,1786.0,714.0,1044.0,68.0,22.1,51.0,136.0,21.25,22.779,83.0,53.35,345.0,175.0,14,5,5,9,3,Glory in Death,TOP,3.145772949625995,2.602528672155038,0.1996699359970231,0.1420000910982824,0.1107075737413575,0.0908666766342941,"A war hero from a bygone era, Sion was revered in Noxus for choking the life out of a Demacian king with his bare hands—but, denied oblivion, he was resurrected to serve his empire even in death. His indiscriminate slaughter claimed all who stood in his way, regardless of allegiance, proving he no longer retained his former humanity. Even so, with crude armor bolted onto rotten flesh, Sion continues to charge into battle with reckless abandon, struggling to remember his true self between the swings of his mighty axe."
104,Sivir,1496.0,2028.0,850.0,1134.0,51.0,27.200000000000003,55.25,112.0,8.5,27.825000000000003,81.25,38.5,335.0,500.0,15,4,9,3,1,Fleet of Foot,ADC,3.787475427267672,0.0,0.0,0.0206901183840194,3.766785308883653,0.0,"Sivir is a renowned fortune hunter and mercenary captain who plies her trade in the deserts of Shurima. Armed with her legendary jeweled crossblade, she has fought and won countless battles for those who can afford her exorbitant price. Known for her fearless resolve and endless ambition, she prides herself on recovering buried treasures from the perilous tombs of Shurima—for a generous bounty. With ancient forces stirring the very bones of Shurima, Sivir finds herself torn between conflicting destinies."
105,Skarner,1530.0,2131.28,680.0,1000.0,76.5,35.7,64.6,141.5,21.25,36.325,102.6,53.35,335.0,125.0,72,5,7,6,5,Crystal Spires,Jungle,0.8796388390578997,0.1122516124267321,0.7673872266311675,0.0,0.0,0.0,"Skarner is an immense crystalline scorpion from a hidden valley in Shurima. Part of the ancient Brackern race, Skarner and his kin are known for their great wisdom and deep connection to the land, as their souls are fused with powerful life crystals which hold the living thoughts and memories of their ancestors. In an age long past, the Brackern entered hibernation to avoid untold magical destruction, but recent, threatening events have roused Skarner. As the only Brackern awake, he strives to protect his kind from those who seek to harm them."
106,Sona,1309.0,1791.36,765.0,1105.6,51.0,39.1,56.1,100.0,8.5,39.74399999999999,84.1,38.5,325.0,550.0,37,4,5,2,8,Power Chord,Support,2.180028219880373,0.0,0.0,0.001029359123583,0.0016469745977328,2.177351886159057,"Sona is Demacia's foremost virtuoso of the stringed etwahl, speaking only through her graceful chords and vibrant arias. This genteel manner has endeared her to the highborn, though others suspect her spellbinding melodies to actually emanate magic—a Demacian taboo. Silent to outsiders but somehow understood by close companions, Sona plucks her harmonies not only to soothe injured allies, but also to strike down unsuspecting enemies."
107,Soraka,1326.0,1855.04,1020.0,1370.8,51.0,36.38,64.6,101.04,8.5,37.005,96.6,38.5,325.0,550.0,16,3,2,5,7,Salvation,Support,4.958448632277665,0.0556625946077537,0.0,0.0131243288256839,0.0228260385654542,4.866835670278773,"A wanderer from the celestial dimensions beyond Mount Targon, Soraka gave up her immortality to protect the mortal races from their own more violent instincts. She endeavors to spread the virtues of compassion and mercy to everyone she meets—even healing those who would wish harm upon her. And, for all Soraka has seen of this world's struggles, she still believes the people of Runeterra have yet to reach their full potential."
108,Swain,1445.0,1970.0,484.5,952.5,45.900000000000006,35.87,68.0,103.9,8.5,36.495,90.72,38.5,335.0,525.0,50,8,2,6,9,Ravenous Flock,Support,4.1324136695803535,0.1506981756925592,0.0,0.4293714244245818,0.8455413180892108,2.7068027513740014,"Jericho Swain is the visionary ruler of Noxus, an expansionist nation that reveres only strength. Though he was cast down and crippled in the Ionian wars, his left arm severed, he seized control of the empire with ruthless determination… and a new, demonic hand. Now, Swain commands from the front lines, marching against a coming darkness that only he can see—in glimpses gathered by shadowy ravens from the corpses all around him. In a swirl of sacrifice and secrets, the greatest secret of all is that the true enemy lies within."
109,Sylas,1615.0,2200.0,850.0,1130.0,51.0,59.5,51.0,112.0,21.25,60.145,83.0,60.25,340.0,175.0,517,5,3,4,8,Petricite Burst,MID,19.606872310316778,4.771233941675997,0.2722140202315389,14.463525045465506,0.0008234872988664,0.099075815644869,"Raised in one of Demacia's lesser quarters, Sylas of Dregbourne has come to symbolize the darker side of the Great City. As a boy, his ability to root out hidden sorcery caught the attention of the notorious mageseekers, who eventually imprisoned him for turning those same powers against them. Having now broken free, Sylas lives as a hardened revolutionary, using the magic of those around him to destroy the kingdom he once served… and his band of outcast mage followers seems to grow by the day."
110,Syndra,1530.0,2053.0,680.0,1160.0,49.3,34.0,57.8,103.172,8.5,34.625,82.512,38.5,330.0,550.0,134,8,2,3,9,Transcendent,MID,1.9424006662012243,0.0006948174084185,0.0,1.76650892595897,0.100594120352154,0.0746028024816819,"Syndra is a fearsome Ionian mage with incredible power at her command. As a child, she disturbed the village elders with her reckless and wild magic. She was sent away to be taught greater control, but eventually discovered her supposed mentor was restraining her abilities. Forming her feelings of betrayal and hurt into dark spheres of energy, Syndra has sworn to destroy all who would try to control her."
111,Tahm Kench,1700.0,2300.0,680.0,1005.0,54.400000000000006,42.5,59.5,110.4,21.25,43.158,106.5,53.35,335.0,175.0,223,5,3,9,6,An Acquired Taste,TOP,1.3583680334582888,0.5568575518803431,0.0009264232112247,0.0,0.4540760433905751,0.3465080149761459,"Known by many names throughout history, the demon Tahm Kench travels the waterways of Runeterra, feeding his insatiable appetite with the misery of others. Though he may appear singularly charming and proud, he swaggers through the physical realm like a vagabond in search of unsuspecting prey. His lashing tongue can stun even a heavily armored warrior from a dozen paces, and to fall into his rumbling belly is to tumble into an abyss from which there is little hope of return."
112,Taliyah,1530.0,2062.0,510.0,935.0,56.1,23.12,59.5,114.1,8.5,23.745,79.5,38.5,335.0,525.0,163,5,1,7,8,Rock Surfing,Jungle,1.2882944111203725,0.0,0.9822659436791302,0.1443161491263443,0.0075657895583354,0.1541465287565624,"Taliyah is a nomadic mage from Shurima, torn between teenage wonder and adult responsibility. She has crossed nearly all of Valoran on a journey to learn the true nature of her growing powers, though more recently she has returned to protect her tribe. Some have mistaken her compassion for weakness and paid the ultimate price—for beneath Taliyah's youthful demeanor is a will strong enough to move mountains, and a spirit fierce enough to make the earth itself tremble."
113,Talon,1615.0,2203.0,629.0,1006.2,52.7,49.3,59.5,120.7,21.25,49.925,89.5,60.25,335.0,125.0,91,7,9,3,1,Blade's End,MID,4.6231863657266645,0.1213871746485317,0.0945981034572827,4.40720108762085,0.0,0.0,"Talon is the knife in the darkness, a merciless killer able to strike without warning and escape before any alarm is raised. He carved out a dangerous reputation on the brutal streets of Noxus, where he was forced to fight, kill, and steal to survive. Adopted by the notorious Du Couteau family, he now plies his deadly trade at the empire's command, assassinating enemy leaders, captains, and heroes… as well as any Noxian foolish enough to earn the scorn of their masters."
114,Taric,1530.0,2105.0,1020.0,1320.0,59.5,34.0,57.8,114.5,21.25,34.625,97.8,53.35,340.0,150.0,44,3,4,8,5,Bravado,Support,1.2588804741639863,0.0729043599277698,0.0209474581649151,0.0338659151658825,0.0,1.131162740905419,"Taric is the Aspect of the Protector, wielding incredible power as Runeterra's guardian of life, love, and beauty. Shamed by a dereliction of duty and exiled from his homeland Demacia, Taric ascended Mount Targon to find redemption, only to discover a higher calling among the stars. Imbued with the might of ancient Targon, the Shield of Valoran now stands ever vigilant against the insidious corruption of the Void."
115,Teemo,1530.0,2058.0,340.0,674.0,51.0,57.46,63.75,105.0,8.5,58.15,88.05,38.5,330.0,500.0,17,6,5,3,7,Guerrilla Warfare,TOP,2.7699796675839115,2.429776477239712,0.0313182513350144,0.1550214840116081,0.004065968538153,0.1497974864594241,"Undeterred by even the most dangerous and threatening of obstacles, Teemo scouts the world with boundless enthusiasm and a cheerful spirit. A yordle with an unwavering sense of morality, he takes pride in following the Bandle Scout's Code, sometimes with such eagerness that he is unaware of the broader consequences of his actions. Though some say the existence of the Scouts is questionable, one thing is for certain: Teemo's conviction is nothing to be trifled with."
116,Thresh,1581.0,2141.52,748.0,1021.92,37.400000000000006,59.5,0.0,93.4,8.5,60.125,28.0,38.5,335.0,450.0,412,7,5,6,6,Damnation,Support,16.988208433899572,0.0006176154741498,0.0,0.0,0.0003860096713436,16.98720480875408,"Sadistic and cunning, Thresh is an ambitious and restless spirit of the Shadow Isles. Once the custodian of countless arcane secrets, he was undone by a power greater than life or death, and now sustains himself by tormenting and breaking others with slow, excruciating inventiveness. His victims suffer far beyond their brief mortal coil as Thresh wreaks agony upon their souls, imprisoning them in his unholy lantern to torture for all eternity."
117,Tristana,1496.0,2055.0,544.0,794.0,56.1,25.5,51.0,117.1,8.5,26.156,77.0,38.5,325.0,525.0,18,4,9,3,5,Draw a Bead,ADC,13.032149716167089,0.1127405580104341,0.0004632116056123,0.8271157897770742,12.091830156773968,0.0,"While many other yordles channel their energy into discovery, invention, or just plain mischief-making, Tristana was always inspired by the adventures of great warriors. She had heard much about Runeterra, its factions, and its wars, and believed her kind could become worthy of legend too. Setting foot in the world for the first time, she took up her trusty cannon Boomer, and now leaps into battle with steadfast courage and optimism."
118,Trundle,1632.0,2248.28,765.0,1046.6,51.0,49.3,45.900000000000006,119.0,21.25,49.97,82.9,53.35,350.0,175.0,48,5,7,6,2,King's Tribute,Jungle,2.7764903640405745,1.089550898334574,1.5353406007803057,0.0011065610578517,0.000360275693254,0.1501320281745885,"Trundle is a hulking and devious troll with a particularly vicious streak, and there is nothing he cannot bludgeon into submission—not even the Freljord itself. Fiercely territorial, he chases down anyone foolish enough to enter his domain. Then, his massive club of True Ice at the ready, he chills his enemies to the bone and impales them with jagged, frozen pillars, laughing as they bleed out onto the tundra."
119,Tryndamere,1666.0,2291.64,0.0,100.0,62.900000000000006,49.3,52.7,131.9,21.25,49.97,85.7,53.35,345.0,125.0,23,5,10,5,2,Battle Fury,TOP,3.994222207239329,3.23602201078614,0.1002081106808104,0.6565509829993621,0.0014411027730162,0.0,"Fueled by unbridled fury and rage, Tryndamere once carved his way through the Freljord, openly challenging the greatest warriors of the north to prepare himself for even darker days ahead. The wrathful barbarian has long sought revenge for the annihilation of his clan, though more recently he has found companionship with Ashe, the Avarosan warmother, and a home with her people. His almost inhuman strength and fortitude is legendary, and has delivered him and his new allies countless victories against the greatest of odds."
120,Twisted Fate,1598.0,2132.0,323.0,656.0,56.1,54.74,53.55,106.054,8.5,55.391000000000005,74.092,38.5,335.0,525.0,4,9,6,2,6,Loaded Dice,MID,4.172713079268631,0.0103965271481888,0.0006176154741498,4.151328143476192,0.0100619854330243,0.0003088077370749,"Twisted Fate is an infamous cardsharp and swindler who has gambled and charmed his way across much of the known world, earning the enmity and admiration of the rich and foolish alike. He rarely takes things seriously, greeting each day with a mocking smile and an insouciant swagger. In every possible way, Twisted Fate always has an ace up his sleeve."
121,Twitch,1428.0,2010.0,680.0,967.2,52.87,57.46,51.0,111.87,8.5,58.139,78.0,38.5,330.0,550.0,29,6,9,2,3,Deadly Venom,ADC,5.736978671421619,0.0002573397808957,0.4419553397103847,0.0377002779012293,4.766730495510322,0.4903352185187882,"A Zaunite plague rat by birth, but a connoisseur of filth by passion, Twitch is not afraid to get his paws dirty. Aiming a chem-powered crossbow at the gilded heart of Piltover, he has vowed to show those in the city above just how filthy they really are. Always a sneaky sneak, when he's not rooting around in the Sump, he's digging deep into other people's garbage for discarded treasures… and perhaps a moldy sandwich."
122,Udyr,1683.0,2276.32,510.0,780.4,85.0,45.39,68.0,151.0,21.25,46.048,102.0,53.35,345.0,125.0,77,7,8,7,4,Monkey's Agility,Jungle,2.5456823145551635,0.0767387226631167,2.468943591892047,0.0,0.0,0.0,"Udyr is more than a man; he is a vessel for the untamed power of four primal animal spirits. When tapping into the spirits' bestial natures, Udyr can harness their unique strengths: The tiger grants him speed and ferocity, the turtle resilience, the bear might, and the phoenix its eternal flame. With their combined power, Udyr can turn back all those who would attempt to harm the natural order."
123,Urgot,1496.0,2081.0,765.0,1105.0,68.0,63.75,72.25,131.0,21.25,64.375,108.25,53.35,330.0,350.0,6,8,8,5,3,Echoing Flames,TOP,4.035782581853994,3.827363093306515,0.102961646336395,0.104299813197053,0.0011580290140309,0.0,"Once a powerful Noxian headsman, Urgot was betrayed by the empire for which he had killed so many. Bound in iron chains, he was forced to learn the true meaning of strength in the Dredge—a prison mine deep beneath Zaun. Emerging in a disaster that spread chaos throughout the city, he now casts an imposing shadow over its criminal underworld. Raising his victims on the very chains that once enslaved him, he will purge his new home of the unworthy, making it a crucible of pain."
124,Varus,1513.0,2013.0,561.0,921.0,52.87,51.0,57.8,113.87,8.5,51.658,84.8,38.5,330.0,575.0,110,2,7,3,4,Living Vengeance,ADC,7.685246684627268,0.0017241765320016,0.0,0.1921298804167772,7.490980884029056,0.0004117436494332,"One of the ancient darkin, Varus was a deadly killer who loved to torment his foes, driving them almost to insanity before delivering the killing arrow. He was imprisoned at the end of the Great Darkin War, but escaped centuries later in the remade flesh of two Ionian hunters—they had unwittingly released him, cursed to bear the bow containing his bound essence. Varus now seeks out those who trapped him, in order to enact his brutal vengeance, but the mortal souls within still resist him every step of the way."
125,Vayne,1513.0,2028.0,595.0,826.8,40.12,56.1,57.8,100.12,8.5,56.758,80.8,38.5,330.0,550.0,67,8,10,1,1,Night Hunter,ADC,13.968017297350714,1.204375908570264,0.0002830737589853,0.1871632226454889,12.576195092375976,0.0,"Shauna Vayne is a deadly, remorseless Demacian monster hunter, who has dedicated her life to finding and destroying the demon that murdered her family. Armed with a wrist-mounted crossbow and a heart full of vengeance, she is only truly happy when slaying practitioners or creations of the dark arts, striking from the shadows with a flurry of silver bolts."
126,Veigar,1598.0,2103.0,442.0,932.0,44.625,38.080000000000005,63.75,95.335,8.5,38.705000000000005,86.3,38.5,340.0,550.0,45,7,2,2,10,Phenomenal Evil Power,MID,3.817635649588655,0.1017264153880954,0.0,2.3692758947511177,0.6315118223182042,0.715121517131238,"An enthusiastic master of dark sorcery, Veigar has embraced powers that few mortals dare approach. As a free-spirited inhabitant of Bandle City, he longed to push beyond the limitations of yordle magic, and turned instead to arcane texts that had been hidden away for thousands of years. Now a stubborn creature with an endless fascination for the mysteries of the universe, Veigar is often underestimated by others—but even though he believes himself truly evil, he possesses an inner morality that leads some to question his deeper motivations."
127,Vel'Koz,1496.0,2016.0,357.0,826.0,53.4072,23.12,59.5,108.3451,8.5,23.745,81.38,38.5,340.0,525.0,161,8,2,2,10,Organic Deconstruction,Support,3.5447525459267872,0.014333825795894,0.0,1.5096580906469084,0.107336422611623,1.9134242068723617,"It is unclear if Vel'Koz was the first Void-spawn to emerge on Runeterra, but there has certainly never been another to match his level of cruel, calculating sentience. While his kin devour or defile everything around them, he seeks instead to scrutinize and study the physical realm—and the strange, warlike beings that dwell there—for any weakness the Void might exploit. But Vel'Koz is far from a passive observer, striking back at threats with deadly plasma, or by disrupting the very fabric of the world itself."
128,Vi,1445.0,2030.0,765.0,1060.0,59.5,34.0,68.0,122.5,21.25,34.644,98.0,53.35,340.0,125.0,254,4,8,5,3,Blast Shield,Jungle,2.4727779546273942,0.0075657895583354,2.457389035729827,0.0072055138650813,0.0,0.0006176154741498,"Once a criminal from the mean streets of Zaun, Vi is a hotheaded, impulsive, and fearsome woman with only a very loose respect for authority figures. Growing up all but alone, Vi developed finely honed survival instincts as well as a wickedly abrasive sense of humor. Now working with the Wardens of Piltover to keep the peace, she wields mighty hextech gauntlets that can punch through walls and suspects with equal ease."
129,Viktor,1530.0,2060.0,425.0,830.0,51.0,35.87,68.0,104.0,8.5,36.528,91.0,38.5,335.0,525.0,112,9,2,4,10,Glorious Evolution,MID,4.637906201193903,0.1827884463702609,0.0,4.363865068518003,0.0912526863056378,0.0,"The herald of a new age of technology, Viktor has devoted his life to the advancement of humankind. An idealist who seeks to lift the people of Zaun to a new level of understanding, he believes that only by embracing a glorious evolution of technology can humanity's full potential be realized. With a body augmented by steel and science, Viktor is zealous in his pursuit of this bright future."
130,Vladimir,1632.0,2169.0,0.0,2.0,51.0,34.0,56.1,106.0,8.5,34.658,79.1,38.5,330.0,450.0,8,7,2,6,8,Crimson Pact,MID,6.692249672084785,1.457572518993606,0.0,5.127134858654839,0.1075422944363396,0.0,"A fiend with a thirst for mortal blood, Vladimir has influenced the affairs of Noxus since the empire's earliest days. In addition to unnaturally extending his life, his mastery of hemomancy allows him to control the minds and bodies of others as easily as his own. In the flamboyant salons of the Noxian aristocracy, this has enabled him to build a fanatical cult of personality around himself—while in the lowest back alleys, it allows him to bleed his enemies dry."
131,Volibear,1462.0,2046.48,510.0,780.4,56.1,45.39,59.5,124.1,21.25,46.048,94.5,53.35,345.0,125.0,106,3,7,7,4,The Relentless Storm,TOP,8.27735978649033,4.25349203649181,3.9140608654902977,0.1067960090717419,0.0,0.0030108754364804,"To those who still revere him, the Volibear is the storm made manifest. Destructive, wild, and stubbornly resolute, he existed before mortals walked the Freljord's tundra, and is fiercely protective of the lands that he and his demi-god kin created. Cultivating a deep hatred of civilization and the weakness it brought with it, he now fights to return to the old ways—when the land was untamed, and blood spilled freely—and eagerly battles all who oppose him, with tooth, claw, and thundering domination."
132,Warwick,1445.0,1995.0,595.0,875.0,51.0,39.1,54.400000000000006,116.0,21.25,39.73799999999999,87.4,53.35,335.0,125.0,19,3,9,5,3,Eternal Hunger,Jungle,4.767013569269307,1.331090016683338,3.43525446915564,0.0006690834303289,0.0,0.0,"Warwick is a monster who hunts the gray alleys of Zaun. Transformed by agonizing experiments, his body is fused with an intricate system of chambers and pumps, machinery filling his veins with alchemical rage. Bursting out of the shadows, he preys upon those criminals who terrorize the city's depths. Warwick is drawn to blood, and driven mad by its scent. None who spill it can escape him."
133,Wukong,1445.0,2022.8,646.0,911.84,68.0,51.0,59.5,136.0,21.25,51.658,93.5,53.35,345.0,175.0,62,3,8,5,2,Stone Skin,TOP,7.150649023794407,5.612915163051771,0.8797160409921684,0.5197234214970844,0.037597341988871,0.1006970562645123,"Wukong is a vastayan trickster who uses his strength, agility, and intelligence to confuse his opponents and gain the upper hand. After finding a lifelong friend in the warrior known as Master Yi, Wukong became the last student of the ancient martial art known as Wuju. Armed with an enchanted staff, Wukong seeks to prevent Ionia from falling to ruin."
134,Xayah,1462.0,2023.0,680.0,1020.0,49.3,56.1,51.0,109.3,8.5,56.725,76.0,38.5,325.0,525.0,498,5,10,6,1,Clean Cuts,ADC,2.671341329566565,0.0005404135398811,0.0002573397808957,0.0,2.6705435762457883,0.0,"Deadly and precise, Xayah is a vastayan revolutionary waging a personal war to save her people. She uses her speed, guile, and razor-sharp feather blades to cut down anyone who stands in her way. Xayah fights alongside her partner and lover, Rakan, to protect their dwindling tribe, and restore their race to her vision of its former glory."
135,Xerath,1564.0,2090.0,374.0,833.0,51.0,23.12,59.5,105.7,8.5,23.745,81.38,38.5,340.0,525.0,101,8,1,3,10,Mana Surge,Support,8.826033933338188,0.0,0.0,3.458234911589632,0.2002618174930833,5.167537204255473,"Xerath is an Ascended Magus of ancient Shurima, a being of arcane energy writhing in the broken shards of a magical sarcophagus. For millennia, he was trapped beneath the desert sands, but the rise of Shurima freed him from his ancient prison. Driven insane with power, he now seeks to take what he believes is rightfully his and replace the upstart civilizations of the world with one fashioned in his image."
136,Xin Zhao,1564.0,2134.0,595.0,868.8,51.0,59.5,59.5,117.0,21.25,60.145,94.5,53.35,345.0,175.0,5,2,8,6,3,Determination,Jungle,13.997662840109903,0.3148809559040565,13.462910775408506,0.2011367727481289,0.0066908343032898,0.0120435017459217,"Xin Zhao is a resolute warrior loyal to the ruling Lightshield dynasty. Once condemned to the fighting pits of Noxus, he survived countless gladiatorial bouts, but after being freed by Demacian forces, he swore his life and allegiance to these brave liberators. Armed with his favored three-talon spear, Xin Zhao now fights for his adopted kingdom, audaciously challenging any foe, no matter the odds."
137,Yasuo,1479.0,2002.0,0.0,100.0,54.400000000000006,42.5,57.8,114.4,21.25,43.17,87.8,51.25,345.0,175.0,157,10,8,4,4,Way of the Wanderer,MID,12.567677145628323,1.356592388970108,0.0011322950359413,9.828063572190112,1.3818888894321617,0.0,"An Ionian of deep resolve, Yasuo is an agile swordsman who wields the air itself against his enemies. As a proud young man, he was falsely accused of murdering his master—unable to prove his innocence, he was forced to slay his own brother in self defense. Even after his master's true killer was revealed, Yasuo still could not forgive himself for all he had done, and now wanders his homeland with only the wind to guide his blade."
138,Yorick,1700.0,2280.0,680.0,980.0,85.0,34.0,68.0,147.0,21.25,34.625,107.0,53.25,340.0,175.0,83,6,6,6,4,Shepherd of Souls,TOP,1.785114592117734,1.6652714561545767,0.0192747495890927,0.1005683863740644,0.0,0.0,"The last survivor of a long-forgotten religious order, Yorick is both blessed and cursed with power over the dead. Trapped on the Shadow Isles, his only companions are the rotting corpses and shrieking spirits that he gathers to him. Yorick's monstrous actions belie his noble purpose: to free his home from the curse of the Ruination."
139,Yuumi,1190.0,1670.0,765.0,1165.0,52.7,17.0,51.0,107.7,5.1,17.625,76.0,30.1,330.0,500.0,350,2,5,1,8,Bop 'n' Block,Support,11.169498648065462,0.0,0.0,0.0,0.0,11.169498648065462,"A magical cat from Bandle City, Yuumi was once the familiar of a yordle enchantress, Norra. When her master mysteriously disappeared, Yuumi became the Keeper of Norra's sentient Book of Thresholds, traveling through portals in its pages to search for her. Yearning for affection, Yuumi seeks friendly companions to partner with on her journey, protecting them with luminous shields and fierce resolve. While Book strives to keep her on task, Yuumi is often drawn to worldly comforts, such as naps and fish. In the end, however, she always returns to her quest to find her friend."
140,Zac,1615.0,2230.0,0.0,0.0,57.8,27.200000000000003,59.5,117.8,21.25,27.838000000000005,92.5,53.25,340.0,175.0,154,8,3,7,7,Cell Division,Jungle,6.354877219330438,0.4397164836165915,5.327062134432758,0.2180697303310702,0.0,0.3700288709500187,"Zac is the product of a toxic spill that ran through a chemtech seam and pooled in an isolated cavern deep in Zaun's Sump. Despite such humble origins, Zac has grown from primordial ooze into a thinking being who dwells in the city's pipes, occasionally emerging to help those who cannot help themselves or to rebuild the broken infrastructure of Zaun."
141,Zed,1445.0,2029.0,0.0,200.0,57.8,56.1,59.5,120.8,21.25,56.751,91.5,53.35,345.0,125.0,238,7,9,2,1,Contempt for the Weak,MID,11.882304107168636,0.2628211182288435,0.2143383035080816,11.399663348098631,0.0054813373330797,0.0,"Utterly ruthless and without mercy, Zed is the leader of the Order of Shadow, an organization he created with the intent of militarizing Ionia's magical and martial traditions to drive out Noxian invaders. During the war, desperation led him to unlock the secret shadow form—a malevolent spirit magic as dangerous and corrupting as it is powerful. Zed has mastered all of these forbidden techniques to destroy anything he sees as a threat to his nation, or his new order."
142,Ziggs,1564.0,2100.0,399.5,879.5,52.7,34.0,56.1,106.908,8.5,34.656,77.64399999999999,38.5,325.0,550.0,115,4,2,4,9,Short Fuse,MID,3.649489836751363,0.0,0.0,2.453940682665824,0.9626309183967836,0.2329182356887557,"With a love of big bombs and short fuses, the yordle Ziggs is an explosive force of nature. As an inventor's assistant in Piltover, he was bored by his predictable life and befriended a mad, blue-haired bomber named Jinx. After a wild night on the town, Ziggs took her advice and moved to Zaun, where he now explores his fascinations more freely, terrorizing the chem-barons and regular citizens alike in his never ending quest to blow stuff up."
143,Zilean,1394.0,1898.0,510.0,962.0,51.0,36.21,64.6,102.64,8.5,36.835,88.6,38.5,335.0,550.0,26,6,2,5,8,Time In A Bottle,Support,4.401642548353502,0.0288992573945942,0.0,0.4378379032160524,0.0052497315302735,3.9296556562125815,"Once a powerful Icathian mage, Zilean became obsessed with the passage of time after witnessing his homeland's destruction by the Void. Unable to spare even a minute to grieve the catastrophic loss, he called upon ancient temporal magic to divine all possible outcomes. Having become functionally immortal, Zilean now drifts through the past, present, and future, bending and warping the flow of time around him, always searching for that elusive moment that will turn back the clock and undo Icathia's destruction."
144,Zoe,1564.0,2124.0,425.0,850.0,56.1,42.5,59.5,114.1,8.5,43.125,80.3,38.5,340.0,550.0,142,5,1,7,8,More Sparkles!,MID,2.817021379531657,0.003885830691526,0.0,2.732176453770324,0.0009521571893143,0.0800069378804929,"As the embodiment of mischief, imagination, and change, Zoe acts as the cosmic messenger of Targon, heralding major events that reshape worlds. Her mere presence warps the arcane mathematics governing realities, sometimes causing cataclysms without conscious effort or malice. This perhaps explains the breezy nonchalance with which Zoe approaches her duties, giving her plenty of time to focus on playing games, tricking mortals, or otherwise amusing herself. An encounter with Zoe can be joyous and life affirming, but it is always more than it appears and often extremely dangerous."
145,Zyra,1343.0,1847.0,425.0,843.0,54.400000000000006,35.87,51.0,107.776,8.5,36.495,80.0,38.5,340.0,575.0,143,7,4,3,8,Garden of Thorns,Support,4.333679112218929,0.0,0.0,0.1204350174592174,0.0058673470044234,4.207376747755289,"Born in an ancient, sorcerous catastrophe, Zyra is the wrath of nature given form—an alluring hybrid of plant and human, kindling new life with every step. She views the many mortals of Valoran as little more than prey for her seeded progeny, and thinks nothing of slaying them with flurries of deadly spines. Though her true purpose has not been revealed, Zyra wanders the world, indulging her most primal urges to colonize, and strangle all other life from it."
